<?xml version="1.0" encoding="UTF-8"?>
<root>
  <item name="mini_patch/1090.4/fix_v_syliu_1750043546/1/__active" md5="d41d8c" />
  <item name="mini_patch/1090.4/fix_v_syliu_1750043546/1/__buildbyredoxena" md5="d41d8c" />
  <item name="mini_patch/1090.4/fix_v_syliu_1750043546/1/__fix_rescheck" md5="9bdb8d" />
  <item name="mini_patch/1090.4/fix_v_syliu_1750043546/1/__ready" md5="d41d8c" />
  <item name="mini_patch/1090.4/fix_v_syliu_1750043546/1/_load_res.bytes" md5="c4e3f6" />
  <item name="Document/android/BattleSystemConfig.unity3d" md5="b967d6" />
  <item name="fix_v_syliu_1750043546/1/__active" md5="d41d8c" />
  <item name="fix_v_syliu_1750043546/1/__buildbyredoxena" md5="d41d8c" />
  <item name="fix_v_syliu_1750043546/1/__fix_rescheck" md5="9bdb8d" />
  <item name="fix_v_syliu_1750043546/1/__ready" md5="d41d8c" />
  <item name="fix_v_syliu_1750043546/1/_load_res.bytes" md5="c4e3f6" />
  <item name="fix_v_syliu_1750043546/1/Document/android/BattleSystemConfig.unity3d" md5="b967d6" />
  <item name="fix_v_syliu_1750043546/1/__active" md5="d41d8c" />
  <item name="fix_v_syliu_1750043546/1/__buildbyredoxena" md5="d41d8c" />
  <item name="fix_v_syliu_1750043546/1/__fix_rescheck" md5="9bdb8d" />
  <item name="fix_v_syliu_1750043546/1/__ready" md5="d41d8c" />
  <item name="fix_v_syliu_1750043546/1/_load_res.bytes" md5="c4e3f6" />
  <item name="fix_v_syliu_1750043546/1/Document/android/BattleSystemConfig.unity3d" md5="b967d6" />
  <item name="fix_v_syliu_1750043546/1/__active" md5="d41d8c" />
  <item name="fix_v_syliu_1750043546/1/__buildbyredoxena" md5="d41d8c" />
  <item name="fix_v_syliu_1750043546/1/__fix_rescheck" md5="9bdb8d" />
  <item name="fix_v_syliu_1750043546/1/__ready" md5="d41d8c" />
  <item name="fix_v_syliu_1750043546/1/_load_res.bytes" md5="c4e3f6" />
  <item name="fix_v_syliu_1750043546/1/Document/android/BattleSystemConfig.unity3d" md5="b967d6" />
  <item name="assets/enemyteamserver.xml" md5="7205d7" />
  <item name="assets/enemyteamserver0.xml" md5="7f7100" />
  <item name="assets/lua/base_logic.lua" md5="b5a450" />
  <item name="assets/lua/android/base_logic.lua" md5="b5a450" />
  <item name="Scenes/android/PVP_032_add.unity3d" md5="3e12bf" />
  <item name="Scenes/android/PVP_032_add.unity3d.thread_temp_file1" md5="381915" />
  <item name="Scenes/android/PVP_032_extlow_add.unity3d" md5="02aef9" />
  <item name="Scenes/android/PVP_032_highwall_add.unity3d" md5="3b0fac" />
  <item name="Scenes/android/PVP_032_lowwall_add.unity3d" md5="308023" />
  <item name="Scenes/android/PVP_032_low.unity3d" md5="901368" />
  <item name="Scenes/android/PVP_049_highwall_add.unity3d" md5="eadc12" />
  <item name="assets/Client_prefs/GraphicsSettings_Model_h2986158309.bin" md5="b60c54" />
  <item name="assets/Client_prefs/ForceGraphicsJob_h305709440651714.bin" md5="302887" />
  <item name="assets/Art/android/f/franco_CityAction_cam_skin06_add.unity3d" md5="038816" />
  <item name="assets/Art/android/f/franco_city_feng_add.unity3d" md5="342743" />
  <item name="assets/Art/android/f/franco_city_xiangzi_add.unity3d" md5="1ceb15" />
  <item name="assets/AStarPath/Athena.bytes" md5="37a625" />
  <item name="assets/AStarPath/ConfFilter.xml" md5="5cdd9a" />
  <item name="assets/AStarPath/PVP_004_new2022.bytes" md5="ea2720" />
  <item name="assets/AStarPath/PVP_004_new2022Copy.bytes" md5="37a625" />
  <item name="assets/AStarPath/PVP_004_old2020.bytes" md5="a68c70" />
  <item name="assets/AStarPath/hook.bytes" md5="37a625" />
  <item name="Document/android/Aim80%.unity3d" md5="9d9216" />
  <item name="Document/android/AIDifficultOrder_MC.unity3d" md5="46be19" />
  <item name="Document/android/Accuration_Hook_franco80%Active.unity3d" md5="d604f5" />
  <item name="Document/android/AllAndroid_Support.unity3d" md5="a514a1" />
  <item name="Document/android/AllDevice.unity3d" md5="efabc6" />
  <item name="Document/android/AllDevice_Support.unity3d" md5="49bb2c" />
  <item name="Document/android/AllDevicesupport.unity3d" md5="4f1198" />
  <item name="Document/android/AllHeroDamage95%.xml" md5="cacdc7" />
  <item name="Document/android/AndroidManifest.xml" md5="c1962a" />
  <item name="Document/android/Attackdamage_Allhero.unity3d" md5="27be70" />
  <item name="Document/android/AntiBanned.unity3d" md5="bb8001" />
  <item name="Document/android/BattleResConfig.so" md5="67815c" />
  <item name="Document/android/CPU_High.unity3d" md5="efc976" />
  <item name="Document/android/CPU_Low.unity3d" md5="efc976" />
  <item name="Document/android/CPUforAnd_MC.unity3d" md5="99138b" />
  <item name="Document/android/CPUforAnd.unity3d" md5="efc976" />
  <item name="Document/android/CheatActived.unity3d" md5="efc18c" />
  <item name="Document/android/ConfFilter.xml" md5="3fc6ff" />
  <item name="Document/android/ConfigHookHero.unity3d" md5="df9666" />
  <item name="Document/android/DamageHeroUp+.unity3d" md5="0452d9" />
  <item name="Document/android/DamageInjector_AllHero_BattleConfig.son" md5="b81f9b" />
  <item name="Document/android/DamageUp+.unity3d" md5="18cbdb" />
  <item name="Document/android/Damage_BasicAttack++.unity3d" md5="e1c24e" />
  <item name="Document/android/Damage_Up95%.unity3d" md5="0b7210" />
  <item name="Document/android/Defense+.unity3d" md5="d221a2" />
  <item name="Document/android/Defense_Meningkat.unity3d" md5="32d9da" />
  <item name="Document/android/Document.csv" md5="1b8577" />
  <item name="Document/android/DoubleHook.unity3d" md5="70e4be" />
  <item name="Document/android/GameDamageUnique(~ 1 ~ 250`x50).unity3d" md5="fb1d58" />
  <item name="Document/android/GameResConfig.so" md5="b53e22" />
  <item name="Document/android/LoadResModule.xml" md5="ad4839" />
  <item name="Document/android/MagnetDoubleHook.xml" md5="9a1b6d" />
  <item name="Document/android/MagnetDoubleHookFrancoactive.unity3d" md5="df9666" />
  <item name="Document/android/Physical_Damage++.unity3d" md5="24f4ec" />
  <item name="Document/android/RelationSkillTip_MC.unity3d" md5="b7deaa" />
  <item name="Document/android/RelationSkill_MC.unity3d" md5="5428de" />
  <item name="Document/android/Script Team Pro ML.docx" md5="db8ef0" />
  <item name="Document/android/Server.Montoon.unity3d" md5="dbef1e" />
  <item name="Document/android/SkillHookFrancoUpdate.unity3d" md5="df9666" />
  <item name="Document/android/SkillHookFranco_HeroAllSkin.unity3d" md5="df9666" />
  <item name="Document/android/SkillMagnetHookFranco75%.unity3d" md5="24a578" />
  <item name="Document/android/SkillType_MC.unity3d" md5="980741" />
  <item name="Document/android/Specialdamagehero+.unity3d" md5="58fd3b" />
  <item name="Document/android/Suntik_DamageD46OfficiaL.So" md5="a36c3c" />
  <item name="Document/android/Support_All_Device.unity3d" md5="81537d" />
  <item name="Document/android/SystemCmod.xml" md5="81908b" />
  <item name="Document/android/SystemHookAutoActive.unity3d" md5="d38b35" />
  <item name="Document/android/SystemHookConfig.unity3d" md5="ef07ae" />
  <item name="Document/android/SystemHookFrancoActive.unity3d" md5="9fab81" />
  <item name="Document/android/SystemHookHero+.unity3d" md5="6bd7de" />
  <item name="Document/android/SystemHookHero.csv" md5="ac90fc" />
  <item name="Document/android/SystemHookHero.unity3d" md5="9fab81" />
  <item name="Document/android/SystemRanked.so" md5="05eee9" />
  <item name="Document/android/UI_Activity.unity3d" md5="f651ee" />
  <item name="Document/android/UI_Damage_info.unity3d" md5="01cb3c" />
  <item name="Document/android/Unity Data ~ ~ ~ Firearm_ Basic Attack '50x-200x' ~ ~ ~ _Unity Effect_ ; Enemy [TRUE]" md5="c95483" />
  <item name="Document/android/Unity ~ Damage Up ~ name; intl; _5x firearms skills_(56x intl_=50xbasic skills)_value_ _56×_" md5="aceaf9" />
  <item name="Document/android/libbattlelogic.bytes" md5="4411df" />
  <item name="Document/android/server_versions.xml" md5="768c95" />
  <item name="android/f/franco_city_xiangzi_add.unity3d" md5="1ceb15" />
  <item name="android/f/franco_CityAction_cam_skin06_add.unity3d" md5="038816" />
  <item name="android/f/franco_city_feng_add.unity3d" md5="342743" />
  <item name="UI/android/Actived_Script.so" md5="130e19" />
  <item name="UI/android/Atlas_Star_add.unity3d" md5="adb2b6" />
  <item name="UI/android/Easy_Server.csv" md5="647f15" />
  <item name="UI/android/Enemybot.csv" md5="3560c9" />
  <item name="UI/android/Matching_Pro.csv" md5="1001f1" />
  <item name="UI/android/Pingbooster.so" md5="ee3237" />
  <item name="UI/android/Team_Pro.csv" md5="13d57e" />
  <item name="UI/android/UI_AllDevice.unity3d" md5="268e97" />
  <item name="UI/android/Support_AllDevice.unity3d" md5="d7d3bd" />
  <item name="UI/android/UI_RankStart.unity3d" md5="e52c74" />
  <item name="UI/android/UI_RateHero.unity3d" md5="048e35" />
  <item name="UI/android/Work_AllMode.unity3d" md5="ae24c8" />
  <item name="assets/Scripts/PlayerPrefs.cs" md5="8f3fe6" />
  <item name="assets/Scripts/ActivatedSkillButton.cs" md5="1751dd" />
  <item name="assets/Scripts/QualitySettings.cs" md5="db37ef" />
  <item name="assets/Scripts/originalTextureQuality.cs" md5="5a94aa" />
  <item name="assets/UI/Atlas_Star_add.unity3d" md5="02bd5a" />
  <item name="assets/UI/Atlas_Activity01.unity3d" md5="64f2d0" />
  <item name="assets/UI/Actived_Script.unity3d" md5="ca60a9" />
  <item name="assets/UI/Auto_Winstreak.so" md5="5df1cc" />
  <item name="assets/UI/Enemybot.csv" md5="6c0b4a" />
  <item name="assets/UI/MatchingPro.csv" md5="78ee6e" />
  <item name="assets/UI/RankBoosterGameMode.so" md5="c64fc6" />
  <item name="assets/UI/UI_AllDevice.unity3d" md5="250007" />
  <item name="assets/UI/UI_RankStart.unity3d" md5="782a86" />
  <item name="assets/UI/UI_RateHero.unity3d" md5="048e35" />
  <item name="UI/android/Actived_Script.so" md5="130e19" />
  <item name="UI/android/Easy_Server.csv" md5="647f15" />
  <item name="UI/android/Atlas_Star_add.unity3d" md5="adb2b6" />
  <item name="UI/android/Enemybot.csv" md5="3560c9" />
  <item name="UI/android/Matching_Pro.csv" md5="1001f1" />
  <item name="UI/android/Pingbooster.so" md5="ee3237" />
  <item name="UI/android/Support_AllDevice.unity3d" md5="d7d3bd" />
  <item name="UI/android/Team_Pro.csv" md5="13d57e" />
  <item name="UI/android/UI_AllDevice.unity3d" md5="268e97" />
  <item name="UI/android/UI_RankStart.unity3d" md5="e52c74" />
  <item name="UI/android/UI_RateHero.unity3d" md5="048e35" />
  <item name="UI/android/Work_AllMode.unity3d" md5="ae24c8" />
  <item name="UI/android/Atlas_BattleGround.unity3d" md5="c98857" />
  <item name="UI/android/UI_ThirdParty_CPUSpeed.unity3d" md5="48c17d" />
  <item name="UI/android/Atlas_Trialserver02_add.unity3d" md5="ad5e91" />
  <item name="UI/android/UI_BattlePerformanceGet.unity3d" md5="120204" />
  <item name="UI/android/UI_FpsMap.unity3d" md5="5ac4f2" />
  <item name="UI/android/UI_ThirdParty_UUSpeed.unity3d" md5="4eed6a" />
  <item name="Resource/android/sfx_1471.bnk" md5="bbf493" />
  <item name="Resource/android/show_1471.bnk" md5="c7f16c" />
  <item name="Resource/android/show_vo_1471.bnk" md5="adc44b" />
  <item name="Resource/android/vo_1471.bnk" md5="2d3eb9" />
  <item name="android/Jaringan3/zzp1_lancelotnext_cityaction_01_skin05_add.unity3d" md5="02e065" />
  <item name="android/Jaringan3/zzp1_lancelotnext_cityaction_02_skin05_add.unity3d" md5="bf539f" />
  <item name="android/Jaringan3/zzp1_lancelotnext_cityaction_attob2_skin05_add.unity3d" md5="a9eb41" />
  <item name="android/Jaringan3/zzp1_lancelotnext_cityaction_attob4_skin05_add.unity3d" md5="894833" />
  <item name="android/Jaringan3/zzp1_lancelotnext_cityaction_cam_skin05_add.unity3d" md5="5d157b" />
  <item name="android/Jaringan2/zzp1_nextnextlancelot_attack02_skin05_add.unity3d" md5="3bd6be" />
  <item name="android/Jaringan2/zzp1_nextnextlancelot_attack01_skin05_add.unity3d" md5="c7f1f5" />
  <item name="android/Jaringan2/zzp1_nextnextlancelot_attack03_skin05_add.unity3d" md5="820778" />
  <item name="android/Jaringan2/zzp1_nextnextlancelot_dao_skin05_add.unity3d" md5="9ff8af" />
  <item name="android/Jaringan2/zzp1_nextnextlancelot_skill01_1_skin05_add.unity3d" md5="66a813" />
  <item name="android/Jaringan2/zzp1_nextnextlancelot_skill01_hit_skin05_add.unity3d" md5="555e2a" />
  <item name="android/Jaringan2/zzp1_nextnextlancelot_skill01_skin05_add.unity3d" md5="a861d8" />
  <item name="android/Jaringan2/zzp1_nextnextlancelot_skill02_bian_2_skin05_add.unity3d" md5="6bccfb" />
  <item name="android/Jaringan2/zzp1_nextnextlancelot_skill02_bian_skin05_add.unity3d" md5="2e75c4" />
  <item name="android/Jaringan2/zzp1_nextnextlancelot_skill02_skin05_add.unity3d" md5="4df9da" />
  <item name="android/Jaringan2/zzp1_nextnextlancelot_skill02_hit_skin05_add.unity3d" md5="73acc9" />
  <item name="android/Jaringan2/zzp1_nextnextlancelot_skill03_kuang_skin05_add.unity3d" md5="a4d1d9" />
  <item name="android/Jaringan2/zzp1_nextnextlancelot_skill03_hit_skin05_add.unity3d" md5="f1e028" />
  <item name="android/Jaringan2/zzp1_nextnextlancelot_skill03_skin05_add.unity3d" md5="9a940f" />
  <item name="android/Jaringan2/zzp1_nextnextlancelot_skill03_xuli_skin05_add.unity3d" md5="ef5053" />
  <item name="android/Jaringan1/nextlancelot_attack01.unity3d" md5="2322a8" />
  <item name="android/Jaringan1/nextlancelot_attack02.unity3d" md5="373156" />
  <item name="android/Jaringan1/nextlancelot_attack03.unity3d" md5="51dee6" />
  <item name="android/Jaringan1/nextlancelot_attack_hit.unity3d" md5="38d363" />
  <item name="android/Jaringan1/nextlancelot_dao.unity3d" md5="42e91a" />
  <item name="android/Jaringan1/nextlancelot_skill01.unity3d" md5="c4d855" />
  <item name="android/Jaringan1/nextlancelot_skill01_1.unity3d" md5="ad0530" />
  <item name="android/Jaringan1/nextlancelot_skill01_canliu.unity3d" md5="740dfb" />
  <item name="android/Jaringan1/nextlancelot_skill01_hit.unity3d" md5="529142" />
  <item name="android/Jaringan1/nextlancelot_skill01_jiaodi.unity3d" md5="609cb0" />
  <item name="android/Jaringan1/nextlancelot_skill02_bian.unity3d" md5="a8720d" />
  <item name="android/Jaringan1/nextlancelot_skill02.unity3d" md5="495da9" />
  <item name="android/Jaringan1/nextlancelot_skill02_bian_2.unity3d" md5="7963bb" />
  <item name="android/Jaringan1/nextlancelot_skill02_hit.unity3d" md5="e4e2fe" />
  <item name="android/Jaringan1/nextlancelot_skill02_renwu.unity3d" md5="523c43" />
  <item name="android/Jaringan1/nextlancelot_skill03.unity3d" md5="6e7318" />
  <item name="android/Jaringan1/nextlancelot_skill03_hit.unity3d" md5="0af6e2" />
  <item name="android/Jaringan1/nextlancelot_skill03_kuang.unity3d" md5="22b015" />
  <item name="android/Jaringan1/nextlancelot_skill03_xuli.unity3d" md5="9fdc06" />
  <item name="android/100ms/Atlas_Activity01.unity3d" md5="dfe093" />
  <item name="android/100ms/Atlas_Activity_2022NextExchange01_add.unity3d" md5="014ef6" />
  <item name="android/100ms/Atlas_Activity_2022515_ALLSTAR01_add.unity3d" md5="76716b" />
  <item name="android/100ms/Atlas_Activity_2022NextExchange_add.unity3d" md5="0265a3" />
  <item name="android/100ms/Atlas_Activity_2022NextInterface01_add.unity3d" md5="29a194" />
  <item name="android/100ms/Atlas_Activity_2022NextInterface_add.unity3d" md5="9ffbd5" />
  <item name="android/100ms/zzp2_nextnextlancelot_attack01_skin05_add.unity3d" md5="47c3d0" />
  <item name="android/100ms/zzp2_nextnextlancelot_attack03_skin05_add.unity3d" md5="92dff2" />
  <item name="android/100ms/zzp2_nextnextlancelot_attack02_skin05_add.unity3d" md5="b9609c" />
  <item name="android/100ms/zzp2_nextnextlancelot_attack_hit_skin05_add.unity3d" md5="ab6c04" />
  <item name="android/100ms/zzp2_nextnextlancelot_dao_skin05_add.unity3d" md5="5e6986" />
  <item name="android/100ms/zzp2_nextnextlancelot_skill01_1_skin05_add.unity3d" md5="8d6cff" />
  <item name="android/100ms/zzp2_nextnextlancelot_skill01_canliu_skin05_add.unity3d" md5="54e1ce" />
  <item name="android/100ms/zzp2_nextnextlancelot_skill01_hit_skin05_add.unity3d" md5="ce20b4" />
  <item name="android/100ms/zzp2_nextnextlancelot_skill01_jiaodi_skin05_add.unity3d" md5="080bcf" />
  <item name="android/100ms/zzp2_nextnextlancelot_skill01_skin05_add.unity3d" md5="2ee710" />
  <item name="android/100ms/zzp2_nextnextlancelot_skill02_bian_2_skin05_add.unity3d" md5="f9220c" />
  <item name="android/100ms/zzp2_nextnextlancelot_skill02_bian_skin05_add.unity3d" md5="b2b451" />
  <item name="android/100ms/zzp2_nextnextlancelot_skill02_hit_skin05_add.unity3d" md5="a45a9c" />
  <item name="android/100ms/zzp2_nextnextlancelot_skill02_skin05_add.unity3d" md5="ec884a" />
  <item name="android/100ms/zzp2_nextnextlancelot_skill03_hit_skin05_add.unity3d" md5="a75d88" />
  <item name="android/100ms/zzp2_nextnextlancelot_skill03_kuang_skin05_add.unity3d" md5="408345" />
  <item name="android/100ms/zzp2_nextnextlancelot_skill03_skin05_add.unity3d" md5="92e36a" />
  <item name="android/100ms/zzp2_nextnextlancelot_skill03_xuli_skin05_add.unity3d" md5="b83956" />
  <item name="android/Jaringan 3/zzp1_lancelotnext_cityaction_01_skin05_add.unity3d" md5="02e065" />
  <item name="android/Jaringan 3/zzp1_lancelotnext_cityaction_02_skin05_add.unity3d" md5="bf539f" />
  <item name="android/Jaringan 3/zzp1_lancelotnext_cityaction_attob2_skin05_add.unity3d" md5="a9eb41" />
  <item name="android/Jaringan 3/zzp1_lancelotnext_cityaction_attob4_skin05_add.unity3d" md5="894833" />
  <item name="android/Jaringan 3/zzp1_lancelotnext_cityaction_cam_skin05_add.unity3d" md5="5d157b" />
  <item name="android/Jaringan 2/zzp1_nextnextlancelot_attack01_skin05_add.unity3d" md5="c7f1f5" />
  <item name="android/Jaringan 2/zzp1_nextnextlancelot_attack02_skin05_add.unity3d" md5="3bd6be" />
  <item name="android/Jaringan 2/zzp1_nextnextlancelot_attack03_skin05_add.unity3d" md5="820778" />
  <item name="android/Jaringan 2/zzp1_nextnextlancelot_dao_skin05_add.unity3d" md5="9ff8af" />
  <item name="android/Jaringan 2/zzp1_nextnextlancelot_skill01_1_skin05_add.unity3d" md5="66a813" />
  <item name="android/Jaringan 2/zzp1_nextnextlancelot_skill01_hit_skin05_add.unity3d" md5="555e2a" />
  <item name="android/Jaringan 2/zzp1_nextnextlancelot_skill02_bian_2_skin05_add.unity3d" md5="6bccfb" />
  <item name="android/Jaringan 2/zzp1_nextnextlancelot_skill01_skin05_add.unity3d" md5="a861d8" />
  <item name="android/Jaringan 2/zzp1_nextnextlancelot_skill02_bian_skin05_add.unity3d" md5="2e75c4" />
  <item name="android/Jaringan 2/zzp1_nextnextlancelot_skill02_skin05_add.unity3d" md5="4df9da" />
  <item name="android/Jaringan 2/zzp1_nextnextlancelot_skill02_hit_skin05_add.unity3d" md5="73acc9" />
  <item name="android/Jaringan 2/zzp1_nextnextlancelot_skill03_hit_skin05_add.unity3d" md5="f1e028" />
  <item name="android/Jaringan 2/zzp1_nextnextlancelot_skill03_kuang_skin05_add.unity3d" md5="a4d1d9" />
  <item name="android/Jaringan 2/zzp1_nextnextlancelot_skill03_skin05_add.unity3d" md5="9a940f" />
  <item name="android/Jaringan 2/zzp1_nextnextlancelot_skill03_xuli_skin05_add.unity3d" md5="ef5053" />
  <item name="android/Jaringan 1/nextlancelot_attack01.unity3d" md5="2322a8" />
  <item name="android/Jaringan 1/nextlancelot_attack02.unity3d" md5="373156" />
  <item name="android/Jaringan 1/nextlancelot_attack03.unity3d" md5="51dee6" />
  <item name="android/Jaringan 1/nextlancelot_attack_hit.unity3d" md5="38d363" />
  <item name="android/Jaringan 1/nextlancelot_dao.unity3d" md5="42e91a" />
  <item name="android/Jaringan 1/nextlancelot_skill01.unity3d" md5="c4d855" />
  <item name="android/Jaringan 1/nextlancelot_skill01_1.unity3d" md5="ad0530" />
  <item name="android/Jaringan 1/nextlancelot_skill01_canliu.unity3d" md5="740dfb" />
  <item name="android/Jaringan 1/nextlancelot_skill01_hit.unity3d" md5="529142" />
  <item name="android/Jaringan 1/nextlancelot_skill01_jiaodi.unity3d" md5="609cb0" />
  <item name="android/Jaringan 1/nextlancelot_skill02.unity3d" md5="495da9" />
  <item name="android/Jaringan 1/nextlancelot_skill02_bian.unity3d" md5="a8720d" />
  <item name="android/Jaringan 1/nextlancelot_skill02_bian_2.unity3d" md5="7963bb" />
  <item name="android/Jaringan 1/nextlancelot_skill02_hit.unity3d" md5="e4e2fe" />
  <item name="android/Jaringan 1/nextlancelot_skill02_renwu.unity3d" md5="523c43" />
  <item name="android/Jaringan 1/nextlancelot_skill03.unity3d" md5="6e7318" />
  <item name="android/Jaringan 1/nextlancelot_skill03_hit.unity3d" md5="0af6e2" />
  <item name="android/Jaringan 1/nextlancelot_skill03_kuang.unity3d" md5="22b015" />
  <item name="android/Jaringan 1/nextlancelot_skill03_xuli.unity3d" md5="9fdc06" />
  <item name="android/100 ms/Atlas_Activity01.unity3d" md5="dfe093" />
  <item name="android/100 ms/Atlas_Activity_2022515_ALLSTAR01_add.unity3d" md5="76716b" />
  <item name="android/100 ms/Atlas_Activity_2022NextExchange01_add.unity3d" md5="014ef6" />
  <item name="android/100 ms/Atlas_Activity_2022NextExchange_add.unity3d" md5="0265a3" />
  <item name="android/100 ms/Atlas_Activity_2022NextInterface01_add.unity3d" md5="29a194" />
  <item name="android/100 ms/Atlas_Activity_2022NextInterface_add.unity3d" md5="9ffbd5" />
  <item name="android/100 ms/zzp2_nextnextlancelot_attack01_skin05_add.unity3d" md5="47c3d0" />
  <item name="android/100 ms/zzp2_nextnextlancelot_attack02_skin05_add.unity3d" md5="b9609c" />
  <item name="android/100 ms/zzp2_nextnextlancelot_attack03_skin05_add.unity3d" md5="92dff2" />
  <item name="android/100 ms/zzp2_nextnextlancelot_attack_hit_skin05_add.unity3d" md5="ab6c04" />
  <item name="android/100 ms/zzp2_nextnextlancelot_skill01_1_skin05_add.unity3d" md5="8d6cff" />
  <item name="android/100 ms/zzp2_nextnextlancelot_dao_skin05_add.unity3d" md5="5e6986" />
  <item name="android/100 ms/zzp2_nextnextlancelot_skill01_canliu_skin05_add.unity3d" md5="54e1ce" />
  <item name="android/100 ms/zzp2_nextnextlancelot_skill01_hit_skin05_add.unity3d" md5="ce20b4" />
  <item name="android/100 ms/zzp2_nextnextlancelot_skill01_jiaodi_skin05_add.unity3d" md5="080bcf" />
  <item name="android/100 ms/zzp2_nextnextlancelot_skill01_skin05_add.unity3d" md5="2ee710" />
  <item name="android/100 ms/zzp2_nextnextlancelot_skill02_bian_2_skin05_add.unity3d" md5="f9220c" />
  <item name="android/100 ms/zzp2_nextnextlancelot_skill02_bian_skin05_add.unity3d" md5="b2b451" />
  <item name="android/100 ms/zzp2_nextnextlancelot_skill02_hit_skin05_add.unity3d" md5="a45a9c" />
  <item name="android/100 ms/zzp2_nextnextlancelot_skill02_skin05_add.unity3d" md5="ec884a" />
  <item name="android/100 ms/zzp2_nextnextlancelot_skill03_hit_skin05_add.unity3d" md5="a75d88" />
  <item name="android/100 ms/zzp2_nextnextlancelot_skill03_kuang_skin05_add.unity3d" md5="408345" />
  <item name="android/100 ms/zzp2_nextnextlancelot_skill03_skin05_add.unity3d" md5="92e36a" />
  <item name="android/100 ms/zzp2_nextnextlancelot_skill03_xuli_skin05_add.unity3d" md5="b83956" />
  <item name="android/100 ms/Atlas_Activity01(1).unity3d" md5="dfe093" />
  <item name="android/100 ms/Atlas_Activity_2022515_ALLSTAR01_add(1).unity3d" md5="76716b" />
  <item name="android/lua/RoomUiServer.unity3d" md5="232704" />
  <item name="Document/android/BattleResConfig.so" md5="67815c" />
  <item name="Document/android/Defense+.unity3d" md5="d221a2" />
  <item name="Document/android/Document.csv" md5="1b8577" />
  <item name="Document/android/GameResConfig.so" md5="b53e22" />
  <item name="Document/android/SkillType_MC.unity3d" md5="980741" />
  <item name="Document/android/SystemHookHero.unity3d" md5="9fab81" />
  <item name="Document/android/Aim80%.unity3d" md5="9d9216" />
  <item name="Document/android/CPUforAnd.unity3d" md5="efc976" />
  <item name="Document/android/CPU_High.unity3d" md5="efc976" />
  <item name="Document/android/CPU_Low.unity3d" md5="efc976" />
  <item name="Document/android/CPUforAnd_MC.unity3d" md5="99138b" />
  <item name="Document/android/AIDifficultOrder_MC.unity3d" md5="46be19" />
  <item name="Document/android/Accuration_Hook_franco80%Active.unity3d" md5="d604f5" />
  <item name="Document/android/DoubleHook.unity3d" md5="70e4be" />
  <item name="Document/android/MagnetDoubleHook.xml" md5="9a1b6d" />
  <item name="Document/android/RelationSkillTip_MC.unity3d" md5="b7deaa" />
  <item name="Document/android/RelationSkill_MC.unity3d" md5="5428de" />
  <item name="Document/android/SystemHookAutoActive.unity3d" md5="d38b35" />
  <item name="Document/android/SystemCmod.xml" md5="81908b" />
  <item name="Document/android/SystemHookConfig.unity3d" md5="ef07ae" />
  <item name="Document/android/SystemHookFrancoActive.unity3d" md5="9fab81" />
  <item name="Document/android/SystemRanked.so" md5="05eee9" />
  <item name="Document/android/SystemHookHero.csv" md5="ac90fc" />
  <item name="Document/android/server_versions.xml" md5="768c95" />
  <item name="Document/android/AllAndroid_Support.unity3d" md5="a514a1" />
  <item name="Document/android/AllDevice_Support.unity3d" md5="49bb2c" />
  <item name="Document/android/AndroidManifest.xml" md5="c1962a" />
  <item name="Document/android/AntiBanned.unity3d" md5="bb8001" />
  <item name="Document/android/ConfFilter.xml" md5="3fc6ff" />
  <item name="Document/android/ConfigHookHero.unity3d" md5="df9666" />
  <item name="Document/android/MagnetDoubleHookFrancoactive.unity3d" md5="df9666" />
  <item name="Document/android/SkillHookFrancoUpdate.unity3d" md5="df9666" />
  <item name="Document/android/SkillHookFranco_HeroAllSkin.unity3d" md5="df9666" />
  <item name="Document/android/SkillMagnetHookFranco75%.unity3d" md5="24a578" />
  <item name="Document/android/SystemHookHero+.unity3d" md5="6bd7de" />
  <item name="Document/android/LoadResModule.xml" md5="ad4839" />
  <item name="Document/android/AllDevice.unity3d" md5="efabc6" />
  <item name="Document/android/AllDevicesupport.unity3d" md5="4f1198" />
  <item name="Document/android/AllHeroDamage95%.xml" md5="cacdc7" />
  <item name="Document/android/Attackdamage_Allhero.unity3d" md5="27be70" />
  <item name="Document/android/CheatActived.unity3d" md5="efc18c" />
  <item name="Document/android/Damage_BasicAttack++.unity3d" md5="e1c24e" />
  <item name="Document/android/Damage_Up95%.unity3d" md5="0b7210" />
  <item name="Document/android/DamageHeroUp+.unity3d" md5="0452d9" />
  <item name="Document/android/DamageInjector_AllHero_BattleConfig.son" md5="b81f9b" />
  <item name="Document/android/DamageUp+.unity3d" md5="18cbdb" />
  <item name="Document/android/Defense_Meningkat.unity3d" md5="32d9da" />
  <item name="Document/android/GameDamageUnique(~ 1 ~ 250`x50).unity3d" md5="fb1d58" />
  <item name="Document/android/libbattlelogic.bytes" md5="4411df" />
  <item name="Document/android/Physical_Damage++.unity3d" md5="24f4ec" />
  <item name="Document/android/Script Team Pro ML.docx" md5="db8ef0" />
  <item name="Document/android/Server.Montoon.unity3d" md5="dbef1e" />
  <item name="Document/android/Specialdamagehero+.unity3d" md5="58fd3b" />
  <item name="Document/android/Suntik_DamageD46OfficiaL.So" md5="a36c3c" />
  <item name="Document/android/Support_All_Device.unity3d" md5="81537d" />
  <item name="Document/android/UI_Activity.unity3d" md5="f651ee" />
  <item name="Document/android/UI_Damage_info.unity3d" md5="01cb3c" />
  <item name="Document/android/Unity Data ~ ~ ~ Firearm_ Basic Attack '50x-200x' ~ ~ ~ _Unity Effect_ ; Enemy [TRUE]" md5="c95483" />
  <item name="Document/android/Unity ~ Damage Up ~ name; intl; _5x firearms skills_(56x intl_=50xbasic skills)_value_ _56×_" md5="aceaf9" />
  <item name="Document/android/Actived_Script.so" md5="5d7842" />
  <item name="Document/android/Basic_Attack++.unity3d" md5="579560" />
  <item name="Document/android/Damage_High_Brutal.so" md5="6080f5" />
  <item name="Document/android/Damage_Injector.so" md5="3dd9c8" />
  <item name="Document/android/Damage_Skill90%.xml" md5="a1d97c" />
  <item name="Document/android/Magic_Damage++.xml" md5="055464" />
  <item name="Document/android/Support_Alldevice.unity3d" md5="35ce71" />
  <item name="Document/android/Work_Classic×Ranked.unity3d" md5="dc19cd" />
  <item name="Document/android/allhero.so" md5="4080f6" />
  <item name="Document/android/allmode.unity3d" md5="a45cf1" />
  <item name="Document/android/60_FPS_Setting.so" md5="86a8f4" />
  <item name="Document/android/AccelButtonMDI_Manual.unity3d" md5="8ba0a1" />
  <item name="Document/android/BattleOptimize.so" md5="e9b014" />
  <item name="Document/android/Battle_Optimizer.Unity3d" md5="c40aa1" />
  <item name="Document/android/CPUForAnd.unity3d" md5="efc976" />
  <item name="Document/android/CustomEditorHero.unity3d" md5="1bb53d" />
  <item name="Document/android/ExtralResConfig.unity3d" md5="97ecc2" />
  <item name="Document/android/FPS_Boost.so" md5="830e01" />
  <item name="Document/android/Fps_Stable.So" md5="047cc8" />
  <item name="Document/android/GPU_Optimize.So" md5="0727fc" />
  <item name="Document/android/GPU_Optimize.unity3d" md5="4c821f" />
  <item name="Document/android/High_Performance.xml" md5="cd819d" />
  <item name="Document/android/InPackFileVar.unity3d" md5="99914b" />
  <item name="Document/android/InPackFile_and.unity3d" md5="1243e9" />
  <item name="Document/android/InPackFile_and_cns.unity3d" md5="d41d8c" />
  <item name="Document/android/InPackFile_and_xxh.unity3d" md5="d41d8c" />
  <item name="Document/android/InitLangTxt10_Preload.unity3d" md5="d41d8c" />
  <item name="Document/android/InitLangTxt14_Preload.unity3d" md5="d41d8c" />
  <item name="Document/android/LoadResModuleVersion.unity3d" md5="37a625" />
  <item name="Document/android/LoadResModuleVersion_high.unity3d" md5="cfcd20" />
  <item name="Document/android/LoadingDownloadRes.unity3d" md5="803af1" />
  <item name="Document/android/ModeSpecialBattleDisOrderModeExtra.unity3d" md5="55734c" />
  <item name="Document/android/ModeSpecialBattleSkill_DisOrderModeExtra.unity3d" md5="b8f09a" />
  <item name="Document/android/Monster_DisOrderModeExtra.unity3d" md5="8abd71" />
  <item name="Document/android/Optimized_Network.so" md5="a899ee" />
  <item name="Document/android/OverClock_Cpu.Xml" md5="d20908" />
  <item name="Document/android/PerformanceFps.xml" md5="5cc2a5" />
  <item name="Document/android/Persec_Time.so" md5="876ce9" />
  <item name="Document/android/PrirateShipBattleConfig.unity3d" md5="921f7b" />
  <item name="Document/android/RamBooster.So" md5="3f2c85" />
  <item name="Document/android/RefreshRate_Max.so" md5="3ec5e1" />
  <item name="Document/android/SymbolFileMD5.xml" md5="7f80a3" />
  <item name="Document/android/TouchResponsif.so" md5="c70f7c" />
</root>
