<?xml version="1.0" encoding="utf-8"?>
<root>
  <item name="mini_patch/1090.4/fix_v_syliu_1750043546/1/__active" md5="d41d8cd98f00b204e9800998ecf8427e" xxhash="ef46db" />
  <item name="mini_patch/1090.4/fix_v_syliu_1750043546/1/__buildbyredoxena" md5="d41d8cd98f00b204e9800998ecf8427e" xxhash="ef46db" />
  <item name="mini_patch/1090.4/fix_v_syliu_1750043546/1/__fix_rescheck" md5="9bdb8d9e2e896d693682a55deb97b7ff" xxhash="305c2d" />
  <item name="mini_patch/1090.4/fix_v_syliu_1750043546/1/__ready" md5="d41d8cd98f00b204e9800998ecf8427e" xxhash="ef46db" />
  <item name="mini_patch/1090.4/fix_v_syliu_1750043546/1/_load_res.bytes" md5="c4e3f6f4a113688d257db1ea7538f54d" xxhash="7401e9" />
  <item name="mini_patch/1090.4/fix_v_syliu_1750043546/1/Document/android/BattleSystemConfig.unity3d" md5="b967d6f013adc097c0fec88fd67e5184" xxhash="48935f" />
  <item name="mini_patch/1090.3/fix_v_syliu_1750043546/1/__active" md5="d41d8cd98f00b204e9800998ecf8427e" xxhash="ef46db" />
  <item name="mini_patch/1090.3/fix_v_syliu_1750043546/1/__buildbyredoxena" md5="d41d8cd98f00b204e9800998ecf8427e" xxhash="ef46db" />
  <item name="mini_patch/1090.3/fix_v_syliu_1750043546/1/__fix_rescheck" md5="9bdb8d9e2e896d693682a55deb97b7ff" xxhash="305c2d" />
  <item name="mini_patch/1090.3/fix_v_syliu_1750043546/1/__ready" md5="d41d8cd98f00b204e9800998ecf8427e" xxhash="ef46db" />
  <item name="mini_patch/1090.3/fix_v_syliu_1750043546/1/_load_res.bytes" md5="c4e3f6f4a113688d257db1ea7538f54d" xxhash="7401e9" />
  <item name="mini_patch/1090.3/fix_v_syliu_1750043546/1/Document/android/BattleSystemConfig.unity3d" md5="b967d6f013adc097c0fec88fd67e5184" xxhash="48935f" />
  <item name="mini_patch/1090.2/fix_v_syliu_1750043546/1/__active" md5="d41d8cd98f00b204e9800998ecf8427e" xxhash="ef46db" />
  <item name="mini_patch/1090.2/fix_v_syliu_1750043546/1/__buildbyredoxena" md5="d41d8cd98f00b204e9800998ecf8427e" xxhash="ef46db" />
  <item name="mini_patch/1090.2/fix_v_syliu_1750043546/1/__fix_rescheck" md5="9bdb8d9e2e896d693682a55deb97b7ff" xxhash="305c2d" />
  <item name="mini_patch/1090.2/fix_v_syliu_1750043546/1/__ready" md5="d41d8cd98f00b204e9800998ecf8427e" xxhash="ef46db" />
  <item name="mini_patch/1090.2/fix_v_syliu_1750043546/1/_load_res.bytes" md5="c4e3f6f4a113688d257db1ea7538f54d" xxhash="7401e9" />
  <item name="mini_patch/1090.2/fix_v_syliu_1750043546/1/Document/android/BattleSystemConfig.unity3d" md5="b967d6f013adc097c0fec88fd67e5184" xxhash="48935f" />
  <item name="mini_patch/1090.1/fix_v_syliu_1750043546/1/__active" md5="d41d8cd98f00b204e9800998ecf8427e" xxhash="ef46db" />
  <item name="mini_patch/1090.1/fix_v_syliu_1750043546/1/__buildbyredoxena" md5="d41d8cd98f00b204e9800998ecf8427e" xxhash="ef46db" />
  <item name="mini_patch/1090.1/fix_v_syliu_1750043546/1/__fix_rescheck" md5="9bdb8d9e2e896d693682a55deb97b7ff" xxhash="305c2d" />
  <item name="mini_patch/1090.1/fix_v_syliu_1750043546/1/__ready" md5="d41d8cd98f00b204e9800998ecf8427e" xxhash="ef46db" />
  <item name="mini_patch/1090.1/fix_v_syliu_1750043546/1/_load_res.bytes" md5="c4e3f6f4a113688d257db1ea7538f54d" xxhash="7401e9" />
  <item name="mini_patch/1090.1/fix_v_syliu_1750043546/1/Document/android/BattleSystemConfig.unity3d" md5="b967d6f013adc097c0fec88fd67e5184" xxhash="48935f" />
  <item name="assets/enemyteamserver.xml" md5="7205d70aefaa73069b15d6cc7e830178" xxhash="15fdd9" />
  <item name="assets/enemyteamserver0.xml" md5="7f7100a8da1ce729ec4e479146d6db5e" xxhash="dbc591" />
  <item name="assets/lua/base_logic.lua" md5="b5a4505ebbd538afe6515123d131b166" xxhash="26148f" />
  <item name="assets/lua/android/base_logic.lua" md5="b5a4505ebbd538afe6515123d131b166" xxhash="26148f" />
  <item name="assets/Scenes/android/PVP_032_add.unity3d" md5="3e12bf829bb7ab87872d3642626583de" xxhash="20f45d" />
  <item name="assets/Scenes/android/PVP_032_add.unity3d.thread_temp_file1" md5="381915e62ec153b95a5dfc7af37baedf" xxhash="b8a9d1" />
  <item name="assets/Scenes/android/PVP_032_extlow_add.unity3d" md5="02aef90344dc1125dd516ddbf822066b" xxhash="6dbc4e" />
  <item name="assets/Scenes/android/PVP_032_highwall_add.unity3d" md5="3b0facddc527a5498833330a40df5278" xxhash="815cbe" />
  <item name="assets/Scenes/android/PVP_032_lowwall_add.unity3d" md5="308023078c1bf3c26b4776a21e6765fd" xxhash="21587c" />
  <item name="assets/Scenes/android/PVP_032_low.unity3d" md5="9013686c691bcfd5257aef9a87fa3cb5" xxhash="678124" />
  <item name="assets/Scenes/android/PVP_049_highwall_add.unity3d" md5="eadc120e2e8de84596fff5addeb9f021" xxhash="35f728" />
  <item name="assets/Client_prefs/GraphicsSettings_Model_h2986158309.bin" md5="b60c543b3e7cd0a4ab4fade2621631be" xxhash="7f8f24" />
  <item name="assets/Client_prefs/ForceGraphicsJob_h305709440651714.bin" md5="3028879ab8d5c87dc023049fa5bb5c1a" xxhash="0f7264" />
  <item name="assets/Art/android/f/franco_CityAction_cam_skin06_add.unity3d" md5="0388166ba45a7ce75dc86265bebf160e" xxhash="9ca2a9" />
  <item name="assets/Art/android/f/franco_city_feng_add.unity3d" md5="342743c859b51196de86492ba7f9d3fb" xxhash="46f895" />
  <item name="assets/Art/android/f/franco_city_xiangzi_add.unity3d" md5="1ceb159592cd32a16abca030bd288d75" xxhash="86a593" />
  <item name="assets/AStarPath/Athena.bytes" md5="37a6259cc0c1dae299a7866489dff0bd" xxhash="3ec9e1" />
  <item name="assets/AStarPath/ConfFilter.xml" md5="5cdd9a518ad9fc3d912f880c46b3379d" xxhash="be6464" />
  <item name="assets/AStarPath/PVP_004_new2022.bytes" md5="ea27209222798abcb2eee2514fe14ede" xxhash="858b52" />
  <item name="assets/AStarPath/PVP_004_new2022Copy.bytes" md5="37a6259cc0c1dae299a7866489dff0bd" xxhash="3ec9e1" />
  <item name="assets/AStarPath/PVP_004_old2020.bytes" md5="a68c70dc1f8e429de98371f5f918d84b" xxhash="585033" />
  <item name="assets/AStarPath/hook.bytes" md5="37a6259cc0c1dae299a7866489dff0bd" xxhash="3ec9e1" />
  <item name="assets/AStarPath/Document/android/Aim80%.unity3d" md5="9d921641c4ca2674f5767de9915f69e9" xxhash="7e91f0" />
  <item name="assets/AStarPath/Document/android/AIDifficultOrder_MC.unity3d" md5="46be19bcfe283a23bbfcca9485e00959" xxhash="0145ba" />
  <item name="assets/AStarPath/Document/android/Accuration_Hook_franco80%Active.unity3d" md5="d604f5583b933828e8e2d448bc2f4e4f" xxhash="e36bb1" />
  <item name="assets/AStarPath/Document/android/AllAndroid_Support.unity3d" md5="a514a125c51ca0fbaf3c1d7d1cfaed70" xxhash="75ed46" />
  <item name="assets/AStarPath/Document/android/AllDevice.unity3d" md5="efabc6ce0ce35b9aad95f02bc75ace36" xxhash="da4ae8" />
  <item name="assets/AStarPath/Document/android/AllDevice_Support.unity3d" md5="49bb2c05be4848b89fc63822b8557a5c" xxhash="56a5ad" />
  <item name="assets/AStarPath/Document/android/AllDevicesupport.unity3d" md5="4f1198165f66b0b2efffe989927504d2" xxhash="10e55e" />
  <item name="assets/AStarPath/Document/android/AllHeroDamage95%.xml" md5="cacdc7d3d8c96572eff2ed30680f2955" xxhash="42ac2f" />
  <item name="assets/AStarPath/Document/android/AndroidManifest.xml" md5="c1962aa6480b3d17b40e747d56810f6e" xxhash="49cda1" />
  <item name="assets/AStarPath/Document/android/Attackdamage_Allhero.unity3d" md5="27be7088bb96c5f6e2e53445a146785d" xxhash="a419de" />
  <item name="assets/AStarPath/Document/android/AntiBanned.unity3d" md5="bb80011f61944a769f38aaa953b0c6ad" xxhash="276f23" />
  <item name="assets/AStarPath/Document/android/BattleResConfig.so" md5="67815c5344345bd8b7e29799079e703c" xxhash="02fc12" />
  <item name="assets/AStarPath/Document/android/CPU_High.unity3d" md5="efc976840561fe6a40084d97c529be2b" xxhash="4c5cb7" />
  <item name="assets/AStarPath/Document/android/CPU_Low.unity3d" md5="efc976840561fe6a40084d97c529be2b" xxhash="4c5cb7" />
  <item name="assets/AStarPath/Document/android/CPUforAnd_MC.unity3d" md5="99138b891e3f8034c26bd1bad2ac3357" xxhash="263394" />
  <item name="assets/AStarPath/Document/android/CPUforAnd.unity3d" md5="efc976840561fe6a40084d97c529be2b" xxhash="4c5cb7" />
  <item name="assets/AStarPath/Document/android/CheatActived.unity3d" md5="efc18c7aa16574385d4da37399f95109" xxhash="526d03" />
  <item name="assets/AStarPath/Document/android/ConfFilter.xml" md5="3fc6ffee316b5c68ee5fc4d69091114a" xxhash="f26113" />
  <item name="assets/AStarPath/Document/android/ConfigHookHero.unity3d" md5="df96662c4ca0b495064adc5f9ee5af5a" xxhash="6b6117" />
  <item name="assets/AStarPath/Document/android/DamageHeroUp+.unity3d" md5="0452d9930f4765ff617eb7508a238119" xxhash="ce2351" />
  <item name="assets/AStarPath/Document/android/DamageInjector_AllHero_BattleConfig.son" md5="b81f9b3ad5f539d4f820dff49dfa12ca" xxhash="8391fa" />
  <item name="assets/AStarPath/Document/android/DamageUp+.unity3d" md5="18cbdb2b07dd5a00572431a2ec222590" xxhash="fdc971" />
  <item name="assets/AStarPath/Document/android/Damage_BasicAttack++.unity3d" md5="e1c24eb8b9b2f618ba7e782380f658e7" xxhash="8ca849" />
  <item name="assets/AStarPath/Document/android/Damage_Up95%.unity3d" md5="0b7210d6c5a5c66ec521cf8ffc3fd94f" xxhash="3f8e3f" />
  <item name="assets/AStarPath/Document/android/Defense+.unity3d" md5="d221a29edb08883d758f439960ac2800" xxhash="f18b4e" />
  <item name="assets/AStarPath/Document/android/Defense_Meningkat.unity3d" md5="32d9da6af44916da85b51296c7545ddc" xxhash="d942a6" />
  <item name="assets/AStarPath/Document/android/Document.csv" md5="1b8577af7e5044fd3d6d18ce6a2ab782" xxhash="b85ce3" />
  <item name="assets/AStarPath/Document/android/DoubleHook.unity3d" md5="70e4be83fbe2fcee12d82524f8a0fcbc" xxhash="72ec8e" />
  <item name="assets/AStarPath/Document/android/GameDamageUnique(~ 1 ~ 250`x50).unity3d" md5="fb1d586abcd6d9cb6921a172acad825b" xxhash="d99314" />
  <item name="assets/AStarPath/Document/android/GameResConfig.so" md5="b53e22d09412a1d5c4bc8e8318db5c8e" xxhash="007183" />
  <item name="assets/AStarPath/Document/android/LoadResModule.xml" md5="ad483909abb8c7c6adbf6b67a921d13f" xxhash="b4f15f" />
  <item name="assets/AStarPath/Document/android/MagnetDoubleHook.xml" md5="9a1b6d4fddb8d22f55f8c6bc654fddd2" xxhash="710a4c" />
  <item name="assets/AStarPath/Document/android/MagnetDoubleHookFrancoactive.unity3d" md5="df96662c4ca0b495064adc5f9ee5af5a" xxhash="6b6117" />
  <item name="assets/AStarPath/Document/android/Physical_Damage++.unity3d" md5="24f4eca353adc56bb7601898cc8de311" xxhash="2f5092" />
  <item name="assets/AStarPath/Document/android/RelationSkillTip_MC.unity3d" md5="b7deaa2f4cba5501f7b85074d0846d4d" xxhash="bb7dc5" />
  <item name="assets/AStarPath/Document/android/RelationSkill_MC.unity3d" md5="5428de7a02306d640226cea836d0ffa9" xxhash="b8d74a" />
  <item name="assets/AStarPath/Document/android/Script Team Pro ML.docx" md5="db8ef048abfe5f19a25c820c59d26851" xxhash="ae4486" />
  <item name="assets/AStarPath/Document/android/Server.Montoon.unity3d" md5="dbef1e7188d1fb98c2534ec742cddd1b" xxhash="a425b0" />
  <item name="assets/AStarPath/Document/android/SkillHookFrancoUpdate.unity3d" md5="df96662c4ca0b495064adc5f9ee5af5a" xxhash="6b6117" />
  <item name="assets/AStarPath/Document/android/SkillHookFranco_HeroAllSkin.unity3d" md5="df96662c4ca0b495064adc5f9ee5af5a" xxhash="6b6117" />
  <item name="assets/AStarPath/Document/android/SkillMagnetHookFranco75%.unity3d" md5="24a57818244c34fc404deb5c80e72fc8" xxhash="1e1d5a" />
  <item name="assets/AStarPath/Document/android/SkillType_MC.unity3d" md5="98074121df4d9c3d8bd2360231fb1f58" xxhash="ccd11b" />
  <item name="assets/AStarPath/Document/android/Specialdamagehero+.unity3d" md5="58fd3bd5d2961b00ffa3fdab27ae0cc3" xxhash="caabf5" />
  <item name="assets/AStarPath/Document/android/Suntik_DamageD46OfficiaL.So" md5="a36c3cf0486c97d41da6b5931d99329a" xxhash="4f1665" />
  <item name="assets/AStarPath/Document/android/Support_All_Device.unity3d" md5="81537dce19b972aa276f86c0a40cab61" xxhash="d179f9" />
  <item name="assets/AStarPath/Document/android/SystemCmod.xml" md5="81908bcf59b051f16b1ec22e39a466a9" xxhash="3de8c5" />
  <item name="assets/AStarPath/Document/android/SystemHookAutoActive.unity3d" md5="d38b35e02151f88a393362a311fd51de" xxhash="1e1357" />
  <item name="assets/AStarPath/Document/android/SystemHookConfig.unity3d" md5="ef07ae814411937d26e90f2657720ece" xxhash="5230f4" />
  <item name="assets/AStarPath/Document/android/SystemHookFrancoActive.unity3d" md5="9fab819d4596e2374f424c2054814680" xxhash="5ec75b" />
  <item name="assets/AStarPath/Document/android/SystemHookHero+.unity3d" md5="6bd7dea4f69e8ba9221ca6e072f83d01" xxhash="a3e772" />
  <item name="assets/AStarPath/Document/android/SystemHookHero.csv" md5="ac90fcab25174815abaa8b38d3a9f966" xxhash="b849a3" />
  <item name="assets/AStarPath/Document/android/SystemHookHero.unity3d" md5="9fab819d4596e2374f424c2054814680" xxhash="5ec75b" />
  <item name="assets/AStarPath/Document/android/SystemRanked.so" md5="05eee9c68830a4a3a287845b9f4fc0ad" xxhash="943edc" />
  <item name="assets/AStarPath/Document/android/UI_Activity.unity3d" md5="f651ee8118bac3b6e1d2b8128abe076a" xxhash="c864b3" />
  <item name="assets/AStarPath/Document/android/UI_Damage_info.unity3d" md5="01cb3ca40fc210f2a6c0d9e9bd700a2d" xxhash="032342" />
  <item name="assets/AStarPath/Document/android/Unity Data ~ ~ ~ Firearm_ Basic Attack '50x-200x' ~ ~ ~ _Unity Effect_ ; Enemy [TRUE]" md5="c95483c701c7fc677e89f2c44f98a30b" xxhash="69eadb" />
  <item name="assets/AStarPath/Document/android/Unity ~ Damage Up ~ name; intl; _5x firearms skills_(56x intl_=50xbasic skills)_value_ _56×_" md5="aceaf9168c87ae627481de75a3aef526" xxhash="9a199e" />
  <item name="assets/AStarPath/Document/android/libbattlelogic.bytes" md5="4411df595f4de6e2fa709d5cb45a67b2" xxhash="9f12c0" />
  <item name="assets/AStarPath/Document/android/server_versions.xml" md5="768c95c3592ed7b0d719e5b4b5984f01" xxhash="086273" />
  <item name="assets/AStarPath/Art/android/f/franco_city_xiangzi_add.unity3d" md5="1ceb159592cd32a16abca030bd288d75" xxhash="86a593" />
  <item name="assets/AStarPath/Art/android/f/franco_CityAction_cam_skin06_add.unity3d" md5="0388166ba45a7ce75dc86265bebf160e" xxhash="9ca2a9" />
  <item name="assets/AStarPath/Art/android/f/franco_city_feng_add.unity3d" md5="342743c859b51196de86492ba7f9d3fb" xxhash="46f895" />
  <item name="assets/AStarPath/UI/android/Actived_Script.so" md5="130e19c170c5a2ddc7e27a201cd1c278" xxhash="d3eb08" />
  <item name="assets/AStarPath/UI/android/Atlas_Star_add.unity3d" md5="adb2b67ff93a81a629e6bf3353e87548" xxhash="d65054" />
  <item name="assets/AStarPath/UI/android/Easy_Server.csv" md5="647f158206e7e0cf06e9dd91f3a34588" xxhash="97827e" />
  <item name="assets/AStarPath/UI/android/Enemybot.csv" md5="3560c93a9af9e687dff7ff5adc9b8d4f" xxhash="a2184f" />
  <item name="assets/AStarPath/UI/android/Matching_Pro.csv" md5="1001f12e514bfa7f08a6c833c8c9a5de" xxhash="17ccee" />
  <item name="assets/AStarPath/UI/android/Pingbooster.so" md5="ee3237af49770fbeab2b79d10471436d" xxhash="b98f57" />
  <item name="assets/AStarPath/UI/android/Team_Pro.csv" md5="13d57e9b89811fd68f44b9309a5bb061" xxhash="0e7740" />
  <item name="assets/AStarPath/UI/android/UI_AllDevice.unity3d" md5="268e976e9ce51639e0943776c815f277" xxhash="93a314" />
  <item name="assets/AStarPath/UI/android/Support_AllDevice.unity3d" md5="d7d3bdd69a161638a6ac2bf13b1f74be" xxhash="717116" />
  <item name="assets/AStarPath/UI/android/UI_RankStart.unity3d" md5="e52c7462d5e315c0262a76e3c88feaf3" xxhash="c2ba58" />
  <item name="assets/AStarPath/UI/android/UI_RateHero.unity3d" md5="048e352e3655a3c4ffa1b06ac2c57609" xxhash="7db93a" />
  <item name="assets/AStarPath/UI/android/Work_AllMode.unity3d" md5="ae24c842dae3c69b7ad6221e42f0b8bf" xxhash="3fc5ba" />
  <item name="assets/Scripts/PlayerPrefs.cs" md5="8f3fe660039c49cfe63c3c0be19834a1" xxhash="99b7dc" />
  <item name="assets/Scripts/ActivatedSkillButton.cs" md5="1751dd08bb09753e282d194d1ef4fc83" xxhash="7c39f5" />
  <item name="assets/Scripts/QualitySettings.cs" md5="db37efdfc1bd4906128ad0740704e108" xxhash="57a3ed" />
  <item name="assets/Scripts/originalTextureQuality.cs" md5="5a94aa7de5346e629d20d577547b2480" xxhash="bb1c81" />
  <item name="assets/UI/Atlas_Star_add.unity3d" md5="02bd5a7142f4c830fe8bfe7b3f457004" xxhash="b41ccf" />
  <item name="assets/UI/Atlas_Activity01.unity3d" md5="64f2d03de6ef2c585afd1505efe1789a" xxhash="d6693f" />
  <item name="assets/UI/Actived_Script.unity3d" md5="ca60a9c5946bd78b292dbf3d785f62e6" xxhash="7a6d63" />
  <item name="assets/UI/Auto_Winstreak.so" md5="5df1cc02402cbe496c1aa60b0cbcdea0" xxhash="2a6a8c" />
  <item name="assets/UI/Enemybot.csv" md5="6c0b4a0a9ead1ddcb7fe65e76a8a14cc" xxhash="155875" />
  <item name="assets/UI/MatchingPro.csv" md5="78ee6e32475787eac2429964d5ddd56b" xxhash="ee6e0d" />
  <item name="assets/UI/RankBoosterGameMode.so" md5="c64fc67dbcedd82b6185ef72889523a3" xxhash="57c7ba" />
  <item name="assets/UI/UI_AllDevice.unity3d" md5="250007462633287f4d044aff24cf587f" xxhash="89aabd" />
  <item name="assets/UI/UI_RankStart.unity3d" md5="782a861e93325aef44de03fbc1b3f304" xxhash="9e5759" />
  <item name="assets/UI/UI_RateHero.unity3d" md5="048e352e3655a3c4ffa1b06ac2c57609" xxhash="7db93a" />
  <item name="assets/UI/android/Actived_Script.so" md5="130e19c170c5a2ddc7e27a201cd1c278" xxhash="d3eb08" />
  <item name="assets/UI/android/Easy_Server.csv" md5="647f158206e7e0cf06e9dd91f3a34588" xxhash="97827e" />
  <item name="assets/UI/android/Atlas_Star_add.unity3d" md5="adb2b67ff93a81a629e6bf3353e87548" xxhash="d65054" />
  <item name="assets/UI/android/Enemybot.csv" md5="3560c93a9af9e687dff7ff5adc9b8d4f" xxhash="a2184f" />
  <item name="assets/UI/android/Matching_Pro.csv" md5="1001f12e514bfa7f08a6c833c8c9a5de" xxhash="17ccee" />
  <item name="assets/UI/android/Pingbooster.so" md5="ee3237af49770fbeab2b79d10471436d" xxhash="b98f57" />
  <item name="assets/UI/android/Support_AllDevice.unity3d" md5="d7d3bdd69a161638a6ac2bf13b1f74be" xxhash="717116" />
  <item name="assets/UI/android/Team_Pro.csv" md5="13d57e9b89811fd68f44b9309a5bb061" xxhash="0e7740" />
  <item name="assets/UI/android/UI_AllDevice.unity3d" md5="268e976e9ce51639e0943776c815f277" xxhash="93a314" />
  <item name="assets/UI/android/UI_RankStart.unity3d" md5="e52c7462d5e315c0262a76e3c88feaf3" xxhash="c2ba58" />
  <item name="assets/UI/android/UI_RateHero.unity3d" md5="048e352e3655a3c4ffa1b06ac2c57609" xxhash="7db93a" />
  <item name="assets/UI/android/Work_AllMode.unity3d" md5="ae24c842dae3c69b7ad6221e42f0b8bf" xxhash="3fc5ba" />
  <item name="assets/UI/android/Atlas_BattleGround.unity3d" md5="c98857d3a3afa0d21597d7598099e183" xxhash="6a054c" />
  <item name="assets/UI/android/UI_ThirdParty_CPUSpeed.unity3d" md5="48c17d2b013657408d252e2aa6c060de" xxhash="d0d0e8" />
  <item name="assets/UI/android/Atlas_Trialserver02_add.unity3d" md5="ad5e9165e588483213023e6e8a5908e4" xxhash="0f44e4" />
  <item name="assets/UI/android/UI_BattlePerformanceGet.unity3d" md5="12020491e42dd96fbea023ef67d7a5ce" xxhash="fbd9d9" />
  <item name="assets/UI/android/UI_FpsMap.unity3d" md5="5ac4f208cdc758c0ea6d75b7b201e83d" xxhash="5ffe8f" />
  <item name="assets/UI/android/UI_ThirdParty_UUSpeed.unity3d" md5="4eed6af1b0f63c2355959d6073c5db24" xxhash="f7aa3b" />
  <item name="assets/Resource/android/sfx_1471.bnk" md5="bbf493066dc3ed1c949ae849ea47b1f3" xxhash="792c0e" />
  <item name="assets/Resource/android/show_1471.bnk" md5="c7f16c3646cbf2d0e0cfa7c92a44da0a" xxhash="ddb5b6" />
  <item name="assets/Resource/android/show_vo_1471.bnk" md5="adc44bb456c37903895fb73a1abfe2f6" xxhash="de240c" />
  <item name="assets/Resource/android/vo_1471.bnk" md5="2d3eb9889758974821be5e7516f49af1" xxhash="6d7a9a" />
  <item name="assets/Bosster Win/android/Jaringan3/zzp1_lancelotnext_cityaction_01_skin05_add.unity3d" md5="02e065380d83393d3abf9b189e86d233" xxhash="8891ef" />
  <item name="assets/Bosster Win/android/Jaringan3/zzp1_lancelotnext_cityaction_02_skin05_add.unity3d" md5="bf539feb1d643a8a882047a109c2de13" xxhash="70ad45" />
  <item name="assets/Bosster Win/android/Jaringan3/zzp1_lancelotnext_cityaction_attob2_skin05_add.unity3d" md5="a9eb4160034ac8f6ce613a49c107a37d" xxhash="772038" />
  <item name="assets/Bosster Win/android/Jaringan3/zzp1_lancelotnext_cityaction_attob4_skin05_add.unity3d" md5="894833bf4fe316df33dc5f0836f876d8" xxhash="951c8e" />
  <item name="assets/Bosster Win/android/Jaringan3/zzp1_lancelotnext_cityaction_cam_skin05_add.unity3d" md5="5d157b11d5915bb3a921fe44a98b646c" xxhash="a2801c" />
  <item name="assets/Bosster Win/android/Jaringan2/zzp1_nextnextlancelot_attack02_skin05_add.unity3d" md5="3bd6bed436c33b8e4ab71dfe53636cf4" xxhash="7cf33f" />
  <item name="assets/Bosster Win/android/Jaringan2/zzp1_nextnextlancelot_attack01_skin05_add.unity3d" md5="c7f1f55e7cb550d73800c00fb96da9ee" xxhash="bf5c76" />
  <item name="assets/Bosster Win/android/Jaringan2/zzp1_nextnextlancelot_attack03_skin05_add.unity3d" md5="8207786349ae1be44dd0134cb4956183" xxhash="da4687" />
  <item name="assets/Bosster Win/android/Jaringan2/zzp1_nextnextlancelot_dao_skin05_add.unity3d" md5="9ff8af39f8d4787a95d0fe086114cb68" xxhash="230ed9" />
  <item name="assets/Bosster Win/android/Jaringan2/zzp1_nextnextlancelot_skill01_1_skin05_add.unity3d" md5="66a813716ec2daa203293f2b2542e0db" xxhash="e0319b" />
  <item name="assets/Bosster Win/android/Jaringan2/zzp1_nextnextlancelot_skill01_hit_skin05_add.unity3d" md5="555e2a21b882357e35b9640c01f055d2" xxhash="d41eb3" />
  <item name="assets/Bosster Win/android/Jaringan2/zzp1_nextnextlancelot_skill01_skin05_add.unity3d" md5="a861d80bfcb173356ea41baa2ab73e5a" xxhash="3d4f99" />
  <item name="assets/Bosster Win/android/Jaringan2/zzp1_nextnextlancelot_skill02_bian_2_skin05_add.unity3d" md5="6bccfb0bb276270010e6940d50e127ef" xxhash="2bd5fb" />
  <item name="assets/Bosster Win/android/Jaringan2/zzp1_nextnextlancelot_skill02_bian_skin05_add.unity3d" md5="2e75c40787efe388a1ad286c387ab635" xxhash="4d7dbc" />
  <item name="assets/Bosster Win/android/Jaringan2/zzp1_nextnextlancelot_skill02_skin05_add.unity3d" md5="4df9da3494d1ee8a8fd5c3487f625a39" xxhash="24594b" />
  <item name="assets/Bosster Win/android/Jaringan2/zzp1_nextnextlancelot_skill02_hit_skin05_add.unity3d" md5="73acc9a6119bbb7f06d4025ec6ac44aa" xxhash="cfdb2d" />
  <item name="assets/Bosster Win/android/Jaringan2/zzp1_nextnextlancelot_skill03_kuang_skin05_add.unity3d" md5="a4d1d99a5d094f1ed531409c603bdf51" xxhash="918b55" />
  <item name="assets/Bosster Win/android/Jaringan2/zzp1_nextnextlancelot_skill03_hit_skin05_add.unity3d" md5="f1e02896e2f11d31bed7fe13ea50db60" xxhash="bfd525" />
  <item name="assets/Bosster Win/android/Jaringan2/zzp1_nextnextlancelot_skill03_skin05_add.unity3d" md5="9a940fe95ce03fc39fbcab456932189b" xxhash="cdb54e" />
  <item name="assets/Bosster Win/android/Jaringan2/zzp1_nextnextlancelot_skill03_xuli_skin05_add.unity3d" md5="ef5053ae223fdfdcb384ee09776eed9f" xxhash="1260bf" />
  <item name="assets/Bosster Win/android/Jaringan1/nextlancelot_attack01.unity3d" md5="2322a8f8f8e4eaf51130ab4d73b62a6f" xxhash="6b7f81" />
  <item name="assets/Bosster Win/android/Jaringan1/nextlancelot_attack02.unity3d" md5="37315606b25751d88239555ff9d575fa" xxhash="9fb080" />
  <item name="assets/Bosster Win/android/Jaringan1/nextlancelot_attack03.unity3d" md5="51dee6189e7a91b251693e0ac97df5fa" xxhash="1e63cf" />
  <item name="assets/Bosster Win/android/Jaringan1/nextlancelot_attack_hit.unity3d" md5="38d36346123e2f2f01c201936ff5304c" xxhash="f0a7ef" />
  <item name="assets/Bosster Win/android/Jaringan1/nextlancelot_dao.unity3d" md5="42e91a4664e8db56492d35959dc9062a" xxhash="f608f3" />
  <item name="assets/Bosster Win/android/Jaringan1/nextlancelot_skill01.unity3d" md5="c4d855777147ceb18db129d461c8929b" xxhash="2aed3b" />
  <item name="assets/Bosster Win/android/Jaringan1/nextlancelot_skill01_1.unity3d" md5="ad053099456aee5169152cf1822922e0" xxhash="d83fb3" />
  <item name="assets/Bosster Win/android/Jaringan1/nextlancelot_skill01_canliu.unity3d" md5="740dfb26549b2d43379f310522dac788" xxhash="015a05" />
  <item name="assets/Bosster Win/android/Jaringan1/nextlancelot_skill01_hit.unity3d" md5="529142239bcbf5aa6b46ac05f0b1a9c6" xxhash="3fd572" />
  <item name="assets/Bosster Win/android/Jaringan1/nextlancelot_skill01_jiaodi.unity3d" md5="609cb01920bb2fa9d4d722047b16d482" xxhash="7c5c1d" />
  <item name="assets/Bosster Win/android/Jaringan1/nextlancelot_skill02_bian.unity3d" md5="a8720d9299d224285678bc2034fb9c1a" xxhash="5000e6" />
  <item name="assets/Bosster Win/android/Jaringan1/nextlancelot_skill02.unity3d" md5="495da9e4a747038b099331374089ca16" xxhash="abd6e8" />
  <item name="assets/Bosster Win/android/Jaringan1/nextlancelot_skill02_bian_2.unity3d" md5="7963bb674cf39d165bee105eb2f588ee" xxhash="ca59e9" />
  <item name="assets/Bosster Win/android/Jaringan1/nextlancelot_skill02_hit.unity3d" md5="e4e2fe6f686cd35fc30d76406dca3ca0" xxhash="6e3448" />
  <item name="assets/Bosster Win/android/Jaringan1/nextlancelot_skill02_renwu.unity3d" md5="523c43dc06c8a8827c28ceeb6bf589fd" xxhash="eb6ec2" />
  <item name="assets/Bosster Win/android/Jaringan1/nextlancelot_skill03.unity3d" md5="6e73185c1b75a6c42964147ded88081e" xxhash="06febf" />
  <item name="assets/Bosster Win/android/Jaringan1/nextlancelot_skill03_hit.unity3d" md5="0af6e23f43c73cd3c7daf0fb66fab49c" xxhash="f01124" />
  <item name="assets/Bosster Win/android/Jaringan1/nextlancelot_skill03_kuang.unity3d" md5="22b0157bf6d12968b5f102e6e2f09a9a" xxhash="a744df" />
  <item name="assets/Bosster Win/android/Jaringan1/nextlancelot_skill03_xuli.unity3d" md5="9fdc0633ed576ae8b0cbfcfa47365910" xxhash="0043f3" />
  <item name="assets/Bosster Win/android/100ms/Atlas_Activity01.unity3d" md5="dfe09354f9fe605b10502229ed1b2048" xxhash="b04dbd" />
  <item name="assets/Bosster Win/android/100ms/Atlas_Activity_2022NextExchange01_add.unity3d" md5="014ef63a680446c4ee3a65ff4aa03c0a" xxhash="d98035" />
  <item name="assets/Bosster Win/android/100ms/Atlas_Activity_2022515_ALLSTAR01_add.unity3d" md5="76716b4a267e616854c453058f91ef8d" xxhash="09f589" />
  <item name="assets/Bosster Win/android/100ms/Atlas_Activity_2022NextExchange_add.unity3d" md5="0265a3514168e06f43d1e9b04db3b1ea" xxhash="d70d0b" />
  <item name="assets/Bosster Win/android/100ms/Atlas_Activity_2022NextInterface01_add.unity3d" md5="29a19469af1ba2676c36ca52efc29466" xxhash="9980fc" />
  <item name="assets/Bosster Win/android/100ms/Atlas_Activity_2022NextInterface_add.unity3d" md5="9ffbd50786545512e0793def324f65eb" xxhash="387c0a" />
  <item name="assets/Bosster Win/android/100ms/zzp2_nextnextlancelot_attack01_skin05_add.unity3d" md5="47c3d088943b588b34f4cf52b28aa662" xxhash="4268bc" />
  <item name="assets/Bosster Win/android/100ms/zzp2_nextnextlancelot_attack03_skin05_add.unity3d" md5="92dff2985b6a2d5a3325705899e36c4c" xxhash="7cb34a" />
  <item name="assets/Bosster Win/android/100ms/zzp2_nextnextlancelot_attack02_skin05_add.unity3d" md5="b9609c0e0820b757a524eaad584f53b1" xxhash="30f142" />
  <item name="assets/Bosster Win/android/100ms/zzp2_nextnextlancelot_attack_hit_skin05_add.unity3d" md5="ab6c04ee41ce9a9ba9d6b24a83fc4d99" xxhash="dcb175" />
  <item name="assets/Bosster Win/android/100ms/zzp2_nextnextlancelot_dao_skin05_add.unity3d" md5="5e69860952436880e410253ea58f3140" xxhash="7c7dae" />
  <item name="assets/Bosster Win/android/100ms/zzp2_nextnextlancelot_skill01_1_skin05_add.unity3d" md5="8d6cffd6f363aa00f7585ee493639038" xxhash="3ca750" />
  <item name="assets/Bosster Win/android/100ms/zzp2_nextnextlancelot_skill01_canliu_skin05_add.unity3d" md5="54e1cea7af90c76ee67528d5314f52a7" xxhash="86813e" />
  <item name="assets/Bosster Win/android/100ms/zzp2_nextnextlancelot_skill01_hit_skin05_add.unity3d" md5="ce20b4db8536b060b10308428ad0eba0" xxhash="5cb8f5" />
  <item name="assets/Bosster Win/android/100ms/zzp2_nextnextlancelot_skill01_jiaodi_skin05_add.unity3d" md5="080bcfee7b07b4294297d744b61c630f" xxhash="230ecb" />
  <item name="assets/Bosster Win/android/100ms/zzp2_nextnextlancelot_skill01_skin05_add.unity3d" md5="2ee7100612e01a924638291fdb087242" xxhash="f732c5" />
  <item name="assets/Bosster Win/android/100ms/zzp2_nextnextlancelot_skill02_bian_2_skin05_add.unity3d" md5="f9220c7de030abba2afac416c6840ba4" xxhash="bd6007" />
  <item name="assets/Bosster Win/android/100ms/zzp2_nextnextlancelot_skill02_bian_skin05_add.unity3d" md5="b2b451b2ac1f8a6a25a2b8d4de5c55e5" xxhash="3e49c9" />
  <item name="assets/Bosster Win/android/100ms/zzp2_nextnextlancelot_skill02_hit_skin05_add.unity3d" md5="a45a9c19e0f1f13665ee330f37ef8985" xxhash="e7d038" />
  <item name="assets/Bosster Win/android/100ms/zzp2_nextnextlancelot_skill02_skin05_add.unity3d" md5="ec884a2ab6bc9aa36130ac830d442d20" xxhash="3ff421" />
  <item name="assets/Bosster Win/android/100ms/zzp2_nextnextlancelot_skill03_hit_skin05_add.unity3d" md5="a75d885b2249a37441e7cf69210bd2fc" xxhash="626d54" />
  <item name="assets/Bosster Win/android/100ms/zzp2_nextnextlancelot_skill03_kuang_skin05_add.unity3d" md5="408345db46683f99e7b68f0612123285" xxhash="153c1b" />
  <item name="assets/Bosster Win/android/100ms/zzp2_nextnextlancelot_skill03_skin05_add.unity3d" md5="92e36a624c98af1515a959a0bfbf62b6" xxhash="a5cba8" />
  <item name="assets/Bosster Win/android/100ms/zzp2_nextnextlancelot_skill03_xuli_skin05_add.unity3d" md5="b83956fbd08727a1c3e682ccb26acd54" xxhash="cc0f06" />
  <item name="assets/Bosster Win/android/Jaringan 3/zzp1_lancelotnext_cityaction_01_skin05_add.unity3d" md5="02e065380d83393d3abf9b189e86d233" xxhash="8891ef" />
  <item name="assets/Bosster Win/android/Jaringan 3/zzp1_lancelotnext_cityaction_02_skin05_add.unity3d" md5="bf539feb1d643a8a882047a109c2de13" xxhash="70ad45" />
  <item name="assets/Bosster Win/android/Jaringan 3/zzp1_lancelotnext_cityaction_attob2_skin05_add.unity3d" md5="a9eb4160034ac8f6ce613a49c107a37d" xxhash="772038" />
  <item name="assets/Bosster Win/android/Jaringan 3/zzp1_lancelotnext_cityaction_attob4_skin05_add.unity3d" md5="894833bf4fe316df33dc5f0836f876d8" xxhash="951c8e" />
  <item name="assets/Bosster Win/android/Jaringan 3/zzp1_lancelotnext_cityaction_cam_skin05_add.unity3d" md5="5d157b11d5915bb3a921fe44a98b646c" xxhash="a2801c" />
  <item name="assets/Bosster Win/android/Jaringan 2/zzp1_nextnextlancelot_attack01_skin05_add.unity3d" md5="c7f1f55e7cb550d73800c00fb96da9ee" xxhash="bf5c76" />
  <item name="assets/Bosster Win/android/Jaringan 2/zzp1_nextnextlancelot_attack02_skin05_add.unity3d" md5="3bd6bed436c33b8e4ab71dfe53636cf4" xxhash="7cf33f" />
  <item name="assets/Bosster Win/android/Jaringan 2/zzp1_nextnextlancelot_attack03_skin05_add.unity3d" md5="8207786349ae1be44dd0134cb4956183" xxhash="da4687" />
  <item name="assets/Bosster Win/android/Jaringan 2/zzp1_nextnextlancelot_dao_skin05_add.unity3d" md5="9ff8af39f8d4787a95d0fe086114cb68" xxhash="230ed9" />
  <item name="assets/Bosster Win/android/Jaringan 2/zzp1_nextnextlancelot_skill01_1_skin05_add.unity3d" md5="66a813716ec2daa203293f2b2542e0db" xxhash="e0319b" />
  <item name="assets/Bosster Win/android/Jaringan 2/zzp1_nextnextlancelot_skill01_hit_skin05_add.unity3d" md5="555e2a21b882357e35b9640c01f055d2" xxhash="d41eb3" />
  <item name="assets/Bosster Win/android/Jaringan 2/zzp1_nextnextlancelot_skill02_bian_2_skin05_add.unity3d" md5="6bccfb0bb276270010e6940d50e127ef" xxhash="2bd5fb" />
  <item name="assets/Bosster Win/android/Jaringan 2/zzp1_nextnextlancelot_skill01_skin05_add.unity3d" md5="a861d80bfcb173356ea41baa2ab73e5a" xxhash="3d4f99" />
  <item name="assets/Bosster Win/android/Jaringan 2/zzp1_nextnextlancelot_skill02_bian_skin05_add.unity3d" md5="2e75c40787efe388a1ad286c387ab635" xxhash="4d7dbc" />
  <item name="assets/Bosster Win/android/Jaringan 2/zzp1_nextnextlancelot_skill02_skin05_add.unity3d" md5="4df9da3494d1ee8a8fd5c3487f625a39" xxhash="24594b" />
  <item name="assets/Bosster Win/android/Jaringan 2/zzp1_nextnextlancelot_skill02_hit_skin05_add.unity3d" md5="73acc9a6119bbb7f06d4025ec6ac44aa" xxhash="cfdb2d" />
  <item name="assets/Bosster Win/android/Jaringan 2/zzp1_nextnextlancelot_skill03_hit_skin05_add.unity3d" md5="f1e02896e2f11d31bed7fe13ea50db60" xxhash="bfd525" />
  <item name="assets/Bosster Win/android/Jaringan 2/zzp1_nextnextlancelot_skill03_kuang_skin05_add.unity3d" md5="a4d1d99a5d094f1ed531409c603bdf51" xxhash="918b55" />
  <item name="assets/Bosster Win/android/Jaringan 2/zzp1_nextnextlancelot_skill03_skin05_add.unity3d" md5="9a940fe95ce03fc39fbcab456932189b" xxhash="cdb54e" />
  <item name="assets/Bosster Win/android/Jaringan 2/zzp1_nextnextlancelot_skill03_xuli_skin05_add.unity3d" md5="ef5053ae223fdfdcb384ee09776eed9f" xxhash="1260bf" />
  <item name="assets/Bosster Win/android/Jaringan 1/nextlancelot_attack01.unity3d" md5="2322a8f8f8e4eaf51130ab4d73b62a6f" xxhash="6b7f81" />
  <item name="assets/Bosster Win/android/Jaringan 1/nextlancelot_attack02.unity3d" md5="37315606b25751d88239555ff9d575fa" xxhash="9fb080" />
  <item name="assets/Bosster Win/android/Jaringan 1/nextlancelot_attack03.unity3d" md5="51dee6189e7a91b251693e0ac97df5fa" xxhash="1e63cf" />
  <item name="assets/Bosster Win/android/Jaringan 1/nextlancelot_attack_hit.unity3d" md5="38d36346123e2f2f01c201936ff5304c" xxhash="f0a7ef" />
  <item name="assets/Bosster Win/android/Jaringan 1/nextlancelot_dao.unity3d" md5="42e91a4664e8db56492d35959dc9062a" xxhash="f608f3" />
  <item name="assets/Bosster Win/android/Jaringan 1/nextlancelot_skill01.unity3d" md5="c4d855777147ceb18db129d461c8929b" xxhash="2aed3b" />
  <item name="assets/Bosster Win/android/Jaringan 1/nextlancelot_skill01_1.unity3d" md5="ad053099456aee5169152cf1822922e0" xxhash="d83fb3" />
  <item name="assets/Bosster Win/android/Jaringan 1/nextlancelot_skill01_canliu.unity3d" md5="740dfb26549b2d43379f310522dac788" xxhash="015a05" />
  <item name="assets/Bosster Win/android/Jaringan 1/nextlancelot_skill01_hit.unity3d" md5="529142239bcbf5aa6b46ac05f0b1a9c6" xxhash="3fd572" />
  <item name="assets/Bosster Win/android/Jaringan 1/nextlancelot_skill01_jiaodi.unity3d" md5="609cb01920bb2fa9d4d722047b16d482" xxhash="7c5c1d" />
  <item name="assets/Bosster Win/android/Jaringan 1/nextlancelot_skill02.unity3d" md5="495da9e4a747038b099331374089ca16" xxhash="abd6e8" />
  <item name="assets/Bosster Win/android/Jaringan 1/nextlancelot_skill02_bian.unity3d" md5="a8720d9299d224285678bc2034fb9c1a" xxhash="5000e6" />
  <item name="assets/Bosster Win/android/Jaringan 1/nextlancelot_skill02_bian_2.unity3d" md5="7963bb674cf39d165bee105eb2f588ee" xxhash="ca59e9" />
  <item name="assets/Bosster Win/android/Jaringan 1/nextlancelot_skill02_hit.unity3d" md5="e4e2fe6f686cd35fc30d76406dca3ca0" xxhash="6e3448" />
  <item name="assets/Bosster Win/android/Jaringan 1/nextlancelot_skill02_renwu.unity3d" md5="523c43dc06c8a8827c28ceeb6bf589fd" xxhash="eb6ec2" />
  <item name="assets/Bosster Win/android/Jaringan 1/nextlancelot_skill03.unity3d" md5="6e73185c1b75a6c42964147ded88081e" xxhash="06febf" />
  <item name="assets/Bosster Win/android/Jaringan 1/nextlancelot_skill03_hit.unity3d" md5="0af6e23f43c73cd3c7daf0fb66fab49c" xxhash="f01124" />
  <item name="assets/Bosster Win/android/Jaringan 1/nextlancelot_skill03_kuang.unity3d" md5="22b0157bf6d12968b5f102e6e2f09a9a" xxhash="a744df" />
  <item name="assets/Bosster Win/android/Jaringan 1/nextlancelot_skill03_xuli.unity3d" md5="9fdc0633ed576ae8b0cbfcfa47365910" xxhash="0043f3" />
  <item name="assets/Bosster Win/android/100 ms/Atlas_Activity01.unity3d" md5="dfe09354f9fe605b10502229ed1b2048" xxhash="b04dbd" />
  <item name="assets/Bosster Win/android/100 ms/Atlas_Activity_2022515_ALLSTAR01_add.unity3d" md5="76716b4a267e616854c453058f91ef8d" xxhash="09f589" />
  <item name="assets/Bosster Win/android/100 ms/Atlas_Activity_2022NextExchange01_add.unity3d" md5="014ef63a680446c4ee3a65ff4aa03c0a" xxhash="d98035" />
  <item name="assets/Bosster Win/android/100 ms/Atlas_Activity_2022NextExchange_add.unity3d" md5="0265a3514168e06f43d1e9b04db3b1ea" xxhash="d70d0b" />
  <item name="assets/Bosster Win/android/100 ms/Atlas_Activity_2022NextInterface01_add.unity3d" md5="29a19469af1ba2676c36ca52efc29466" xxhash="9980fc" />
  <item name="assets/Bosster Win/android/100 ms/Atlas_Activity_2022NextInterface_add.unity3d" md5="9ffbd50786545512e0793def324f65eb" xxhash="387c0a" />
  <item name="assets/Bosster Win/android/100 ms/zzp2_nextnextlancelot_attack01_skin05_add.unity3d" md5="47c3d088943b588b34f4cf52b28aa662" xxhash="4268bc" />
  <item name="assets/Bosster Win/android/100 ms/zzp2_nextnextlancelot_attack02_skin05_add.unity3d" md5="b9609c0e0820b757a524eaad584f53b1" xxhash="30f142" />
  <item name="assets/Bosster Win/android/100 ms/zzp2_nextnextlancelot_attack03_skin05_add.unity3d" md5="92dff2985b6a2d5a3325705899e36c4c" xxhash="7cb34a" />
  <item name="assets/Bosster Win/android/100 ms/zzp2_nextnextlancelot_attack_hit_skin05_add.unity3d" md5="ab6c04ee41ce9a9ba9d6b24a83fc4d99" xxhash="dcb175" />
  <item name="assets/Bosster Win/android/100 ms/zzp2_nextnextlancelot_skill01_1_skin05_add.unity3d" md5="8d6cffd6f363aa00f7585ee493639038" xxhash="3ca750" />
  <item name="assets/Bosster Win/android/100 ms/zzp2_nextnextlancelot_dao_skin05_add.unity3d" md5="5e69860952436880e410253ea58f3140" xxhash="7c7dae" />
  <item name="assets/Bosster Win/android/100 ms/zzp2_nextnextlancelot_skill01_canliu_skin05_add.unity3d" md5="54e1cea7af90c76ee67528d5314f52a7" xxhash="86813e" />
  <item name="assets/Bosster Win/android/100 ms/zzp2_nextnextlancelot_skill01_hit_skin05_add.unity3d" md5="ce20b4db8536b060b10308428ad0eba0" xxhash="5cb8f5" />
  <item name="assets/Bosster Win/android/100 ms/zzp2_nextnextlancelot_skill01_jiaodi_skin05_add.unity3d" md5="080bcfee7b07b4294297d744b61c630f" xxhash="230ecb" />
  <item name="assets/Bosster Win/android/100 ms/zzp2_nextnextlancelot_skill01_skin05_add.unity3d" md5="2ee7100612e01a924638291fdb087242" xxhash="f732c5" />
  <item name="assets/Bosster Win/android/100 ms/zzp2_nextnextlancelot_skill02_bian_2_skin05_add.unity3d" md5="f9220c7de030abba2afac416c6840ba4" xxhash="bd6007" />
  <item name="assets/Bosster Win/android/100 ms/zzp2_nextnextlancelot_skill02_bian_skin05_add.unity3d" md5="b2b451b2ac1f8a6a25a2b8d4de5c55e5" xxhash="3e49c9" />
  <item name="assets/Bosster Win/android/100 ms/zzp2_nextnextlancelot_skill02_hit_skin05_add.unity3d" md5="a45a9c19e0f1f13665ee330f37ef8985" xxhash="e7d038" />
  <item name="assets/Bosster Win/android/100 ms/zzp2_nextnextlancelot_skill02_skin05_add.unity3d" md5="ec884a2ab6bc9aa36130ac830d442d20" xxhash="3ff421" />
  <item name="assets/Bosster Win/android/100 ms/zzp2_nextnextlancelot_skill03_hit_skin05_add.unity3d" md5="a75d885b2249a37441e7cf69210bd2fc" xxhash="626d54" />
  <item name="assets/Bosster Win/android/100 ms/zzp2_nextnextlancelot_skill03_kuang_skin05_add.unity3d" md5="408345db46683f99e7b68f0612123285" xxhash="153c1b" />
  <item name="assets/Bosster Win/android/100 ms/zzp2_nextnextlancelot_skill03_skin05_add.unity3d" md5="92e36a624c98af1515a959a0bfbf62b6" xxhash="a5cba8" />
  <item name="assets/Bosster Win/android/100 ms/zzp2_nextnextlancelot_skill03_xuli_skin05_add.unity3d" md5="b83956fbd08727a1c3e682ccb26acd54" xxhash="cc0f06" />
  <item name="assets/Bosster Win/android/100 ms/Atlas_Activity01(1).unity3d" md5="dfe09354f9fe605b10502229ed1b2048" xxhash="b04dbd" />
  <item name="assets/Bosster Win/android/100 ms/Atlas_Activity_2022515_ALLSTAR01_add(1).unity3d" md5="76716b4a267e616854c453058f91ef8d" xxhash="09f589" />
  <item name="assets/android/lua/RoomUiServer.unity3d" md5="23270426c607a34cb6c52709868dc250" xxhash="bf146b" />
  <item name="assets/Document/android/BattleResConfig.so" md5="67815c5344345bd8b7e29799079e703c" xxhash="02fc12" />
  <item name="assets/Document/android/Defense+.unity3d" md5="d221a29edb08883d758f439960ac2800" xxhash="f18b4e" />
  <item name="assets/Document/android/Document.csv" md5="1b8577af7e5044fd3d6d18ce6a2ab782" xxhash="b85ce3" />
  <item name="assets/Document/android/GameResConfig.so" md5="b53e22d09412a1d5c4bc8e8318db5c8e" xxhash="007183" />
  <item name="assets/Document/android/SkillType_MC.unity3d" md5="98074121df4d9c3d8bd2360231fb1f58" xxhash="ccd11b" />
  <item name="assets/Document/android/SystemHookHero.unity3d" md5="9fab819d4596e2374f424c2054814680" xxhash="5ec75b" />
  <item name="assets/Document/android/Aim80%.unity3d" md5="9d921641c4ca2674f5767de9915f69e9" xxhash="7e91f0" />
  <item name="assets/Document/android/CPUforAnd.unity3d" md5="efc976840561fe6a40084d97c529be2b" xxhash="4c5cb7" />
  <item name="assets/Document/android/CPU_High.unity3d" md5="efc976840561fe6a40084d97c529be2b" xxhash="4c5cb7" />
  <item name="assets/Document/android/CPU_Low.unity3d" md5="efc976840561fe6a40084d97c529be2b" xxhash="4c5cb7" />
  <item name="assets/Document/android/CPUforAnd_MC.unity3d" md5="99138b891e3f8034c26bd1bad2ac3357" xxhash="263394" />
  <item name="assets/Document/android/AIDifficultOrder_MC.unity3d" md5="46be19bcfe283a23bbfcca9485e00959" xxhash="0145ba" />
  <item name="assets/Document/android/Accuration_Hook_franco80%Active.unity3d" md5="d604f5583b933828e8e2d448bc2f4e4f" xxhash="e36bb1" />
  <item name="assets/Document/android/DoubleHook.unity3d" md5="70e4be83fbe2fcee12d82524f8a0fcbc" xxhash="72ec8e" />
  <item name="assets/Document/android/MagnetDoubleHook.xml" md5="9a1b6d4fddb8d22f55f8c6bc654fddd2" xxhash="710a4c" />
  <item name="assets/Document/android/RelationSkillTip_MC.unity3d" md5="b7deaa2f4cba5501f7b85074d0846d4d" xxhash="bb7dc5" />
  <item name="assets/Document/android/RelationSkill_MC.unity3d" md5="5428de7a02306d640226cea836d0ffa9" xxhash="b8d74a" />
  <item name="assets/Document/android/SystemHookAutoActive.unity3d" md5="d38b35e02151f88a393362a311fd51de" xxhash="1e1357" />
  <item name="assets/Document/android/SystemCmod.xml" md5="81908bcf59b051f16b1ec22e39a466a9" xxhash="3de8c5" />
  <item name="assets/Document/android/SystemHookConfig.unity3d" md5="ef07ae814411937d26e90f2657720ece" xxhash="5230f4" />
  <item name="assets/Document/android/SystemHookFrancoActive.unity3d" md5="9fab819d4596e2374f424c2054814680" xxhash="5ec75b" />
  <item name="assets/Document/android/SystemRanked.so" md5="05eee9c68830a4a3a287845b9f4fc0ad" xxhash="943edc" />
  <item name="assets/Document/android/SystemHookHero.csv" md5="ac90fcab25174815abaa8b38d3a9f966" xxhash="b849a3" />
  <item name="assets/Document/android/server_versions.xml" md5="768c95c3592ed7b0d719e5b4b5984f01" xxhash="086273" />
  <item name="assets/Document/android/AllAndroid_Support.unity3d" md5="a514a125c51ca0fbaf3c1d7d1cfaed70" xxhash="75ed46" />
  <item name="assets/Document/android/AllDevice_Support.unity3d" md5="49bb2c05be4848b89fc63822b8557a5c" xxhash="56a5ad" />
  <item name="assets/Document/android/AndroidManifest.xml" md5="c1962aa6480b3d17b40e747d56810f6e" xxhash="49cda1" />
  <item name="assets/Document/android/AntiBanned.unity3d" md5="bb80011f61944a769f38aaa953b0c6ad" xxhash="276f23" />
  <item name="assets/Document/android/ConfFilter.xml" md5="3fc6ffee316b5c68ee5fc4d69091114a" xxhash="f26113" />
  <item name="assets/Document/android/ConfigHookHero.unity3d" md5="df96662c4ca0b495064adc5f9ee5af5a" xxhash="6b6117" />
  <item name="assets/Document/android/MagnetDoubleHookFrancoactive.unity3d" md5="df96662c4ca0b495064adc5f9ee5af5a" xxhash="6b6117" />
  <item name="assets/Document/android/SkillHookFrancoUpdate.unity3d" md5="df96662c4ca0b495064adc5f9ee5af5a" xxhash="6b6117" />
  <item name="assets/Document/android/SkillHookFranco_HeroAllSkin.unity3d" md5="df96662c4ca0b495064adc5f9ee5af5a" xxhash="6b6117" />
  <item name="assets/Document/android/SkillMagnetHookFranco75%.unity3d" md5="24a57818244c34fc404deb5c80e72fc8" xxhash="1e1d5a" />
  <item name="assets/Document/android/SystemHookHero+.unity3d" md5="6bd7dea4f69e8ba9221ca6e072f83d01" xxhash="a3e772" />
  <item name="assets/Document/android/LoadResModule.xml" md5="ad483909abb8c7c6adbf6b67a921d13f" xxhash="b4f15f" />
  <item name="assets/Document/android/AllDevice.unity3d" md5="efabc6ce0ce35b9aad95f02bc75ace36" xxhash="da4ae8" />
  <item name="assets/Document/android/AllDevicesupport.unity3d" md5="4f1198165f66b0b2efffe989927504d2" xxhash="10e55e" />
  <item name="assets/Document/android/AllHeroDamage95%.xml" md5="cacdc7d3d8c96572eff2ed30680f2955" xxhash="42ac2f" />
  <item name="assets/Document/android/Attackdamage_Allhero.unity3d" md5="27be7088bb96c5f6e2e53445a146785d" xxhash="a419de" />
  <item name="assets/Document/android/CheatActived.unity3d" md5="efc18c7aa16574385d4da37399f95109" xxhash="526d03" />
  <item name="assets/Document/android/Damage_BasicAttack++.unity3d" md5="e1c24eb8b9b2f618ba7e782380f658e7" xxhash="8ca849" />
  <item name="assets/Document/android/Damage_Up95%.unity3d" md5="0b7210d6c5a5c66ec521cf8ffc3fd94f" xxhash="3f8e3f" />
  <item name="assets/Document/android/DamageHeroUp+.unity3d" md5="0452d9930f4765ff617eb7508a238119" xxhash="ce2351" />
  <item name="assets/Document/android/DamageInjector_AllHero_BattleConfig.son" md5="b81f9b3ad5f539d4f820dff49dfa12ca" xxhash="8391fa" />
  <item name="assets/Document/android/DamageUp+.unity3d" md5="18cbdb2b07dd5a00572431a2ec222590" xxhash="fdc971" />
  <item name="assets/Document/android/Defense_Meningkat.unity3d" md5="32d9da6af44916da85b51296c7545ddc" xxhash="d942a6" />
  <item name="assets/Document/android/GameDamageUnique(~ 1 ~ 250`x50).unity3d" md5="fb1d586abcd6d9cb6921a172acad825b" xxhash="d99314" />
  <item name="assets/Document/android/libbattlelogic.bytes" md5="4411df595f4de6e2fa709d5cb45a67b2" xxhash="9f12c0" />
  <item name="assets/Document/android/Physical_Damage++.unity3d" md5="24f4eca353adc56bb7601898cc8de311" xxhash="2f5092" />
  <item name="assets/Document/android/Script Team Pro ML.docx" md5="db8ef048abfe5f19a25c820c59d26851" xxhash="ae4486" />
  <item name="assets/Document/android/Server.Montoon.unity3d" md5="dbef1e7188d1fb98c2534ec742cddd1b" xxhash="a425b0" />
  <item name="assets/Document/android/Specialdamagehero+.unity3d" md5="58fd3bd5d2961b00ffa3fdab27ae0cc3" xxhash="caabf5" />
  <item name="assets/Document/android/Suntik_DamageD46OfficiaL.So" md5="a36c3cf0486c97d41da6b5931d99329a" xxhash="4f1665" />
  <item name="assets/Document/android/Support_All_Device.unity3d" md5="81537dce19b972aa276f86c0a40cab61" xxhash="d179f9" />
  <item name="assets/Document/android/UI_Activity.unity3d" md5="f651ee8118bac3b6e1d2b8128abe076a" xxhash="c864b3" />
  <item name="assets/Document/android/UI_Damage_info.unity3d" md5="01cb3ca40fc210f2a6c0d9e9bd700a2d" xxhash="032342" />
  <item name="assets/Document/android/Unity Data ~ ~ ~ Firearm_ Basic Attack '50x-200x' ~ ~ ~ _Unity Effect_ ; Enemy [TRUE]" md5="c95483c701c7fc677e89f2c44f98a30b" xxhash="69eadb" />
  <item name="assets/Document/android/Unity ~ Damage Up ~ name; intl; _5x firearms skills_(56x intl_=50xbasic skills)_value_ _56×_" md5="aceaf9168c87ae627481de75a3aef526" xxhash="9a199e" />
  <item name="assets/Document/android/Actived_Script.so" md5="5d7842292028d433743f46bc7033e696" xxhash="48b45e" />
  <item name="assets/Document/android/Basic_Attack++.unity3d" md5="5795607116badbf9429631402e51fbe4" xxhash="429e49" />
  <item name="assets/Document/android/Damage_High_Brutal.so" md5="6080f531417eb2e5dd710634faa99225" xxhash="2df15d" />
  <item name="assets/Document/android/Damage_Injector.so" md5="3dd9c8dbd0b0c0173cfcfc02c5aede3d" xxhash="05ba0b" />
  <item name="assets/Document/android/Damage_Skill90%.xml" md5="a1d97c01bd9ef886e41866495475e4ab" xxhash="a3da39" />
  <item name="assets/Document/android/Magic_Damage++.xml" md5="055464213a42f7e4c1712995e3f93c79" xxhash="5c43eb" />
  <item name="assets/Document/android/Support_Alldevice.unity3d" md5="35ce717474ec7da0b83b4976d6a36c22" xxhash="49346d" />
  <item name="assets/Document/android/Work_Classic×Ranked.unity3d" md5="dc19cd0c962458bc4dd5929d540dbbd1" xxhash="9a933d" />
  <item name="assets/Document/android/allhero.so" md5="4080f6df027113fea8a9431f95ccb8eb" xxhash="636c8d" />
  <item name="assets/Document/android/allmode.unity3d" md5="a45cf1945b17f9bb084a9cb8b8bb9a9f" xxhash="886c87" />
  <item name="assets/Document/android/60_FPS_Setting.so" md5="86a8f41c44aeb07e1db07be8799bf16c" xxhash="18ff16" />
  <item name="assets/Document/android/AccelButtonMDI_Manual.unity3d" md5="8ba0a160db4e55e903e1bb79410f2dcd" xxhash="9882fc" />
  <item name="assets/Document/android/BattleOptimize.so" md5="e9b014cb3961ba57b53b546058646a98" xxhash="454082" />
  <item name="assets/Document/android/Battle_Optimizer.Unity3d" md5="c40aa151e204a7710d5f8c80f3356554" xxhash="1f8050" />
  <item name="assets/Document/android/CPUForAnd.unity3d" md5="efc976840561fe6a40084d97c529be2b" xxhash="4c5cb7" />
  <item name="assets/Document/android/CustomEditorHero.unity3d" md5="1bb53d7c6a83a6254a9e322a8e5327e7" xxhash="c4c00f" />
  <item name="assets/Document/android/ExtralResConfig.unity3d" md5="97ecc27a7af3aa192af741e26a7b345f" xxhash="15578c" />
  <item name="assets/Document/android/FPS_Boost.so" md5="830e01889072d20a09b621320c1f52a9" xxhash="32d569" />
  <item name="assets/Document/android/Fps_Stable.So" md5="047cc8384f17c1f1e884a313c4c8a8a2" xxhash="6ae37a" />
  <item name="assets/Document/android/GPU_Optimize.So" md5="0727fcd64ea6c48ce50fd5912c54cd11" xxhash="9652c5" />
  <item name="assets/Document/android/GPU_Optimize.unity3d" md5="4c821f85a7883c6754a104191442fe3c" xxhash="d14bfd" />
  <item name="assets/Document/android/High_Performance.xml" md5="cd819d4737bf9f4aee14f6d75658f43a" xxhash="fab4f6" />
  <item name="assets/Document/android/InPackFileVar.unity3d" md5="99914b932bd37a50b983c5e7c90ae93b" xxhash="2e1472" />
  <item name="assets/Document/android/InPackFile_and.unity3d" md5="1243e959f9c19306fa7222cbf4c74007" xxhash="0e0009" />
  <item name="assets/Document/android/InPackFile_and_cns.unity3d" md5="d41d8cd98f00b204e9800998ecf8427e" xxhash="ef46db" />
  <item name="assets/Document/android/InPackFile_and_xxh.unity3d" md5="d41d8cd98f00b204e9800998ecf8427e" xxhash="ef46db" />
  <item name="assets/Document/android/InitLangTxt10_Preload.unity3d" md5="d41d8cd98f00b204e9800998ecf8427e" xxhash="ef46db" />
  <item name="assets/Document/android/InitLangTxt14_Preload.unity3d" md5="d41d8cd98f00b204e9800998ecf8427e" xxhash="ef46db" />
  <item name="assets/Document/android/LoadResModuleVersion.unity3d" md5="37a6259cc0c1dae299a7866489dff0bd" xxhash="3ec9e1" />
  <item name="assets/Document/android/LoadResModuleVersion_high.unity3d" md5="cfcd208495d565ef66e7dff9f98764da" xxhash="633457" />
  <item name="assets/Document/android/LoadingDownloadRes.unity3d" md5="803af1d21a76372c5f2abe10eb7927ef" xxhash="e60f36" />
  <item name="assets/Document/android/ModeSpecialBattleDisOrderModeExtra.unity3d" md5="55734c3df2d48318f2249d3d8d1551c8" xxhash="c9bbff" />
  <item name="assets/Document/android/ModeSpecialBattleSkill_DisOrderModeExtra.unity3d" md5="b8f09a653d0a10f37482c26e6f4bcdf1" xxhash="a80b2e" />
  <item name="assets/Document/android/Monster_DisOrderModeExtra.unity3d" md5="8abd71b48249c03a597c919f54b603ca" xxhash="12ce68" />
  <item name="assets/Document/android/Optimized_Network.so" md5="a899eebad0707e37bbbf824ad344077b" xxhash="2d0059" />
  <item name="assets/Document/android/OverClock_Cpu.Xml" md5="d209088ff1ad9c1bcfc79cb5d7776eb6" xxhash="3f3bae" />
  <item name="assets/Document/android/PerformanceFps.xml" md5="5cc2a5383216638b76dbab39a36ed5d5" xxhash="af09c3" />
  <item name="assets/Document/android/Persec_Time.so" md5="876ce969ef88bc30c3e4fd96e3d2f81e" xxhash="f8039c" />
  <item name="assets/Document/android/PrirateShipBattleConfig.unity3d" md5="921f7b691be7908d32f3b2706b4f4be6" xxhash="458deb" />
  <item name="assets/Document/android/RamBooster.So" md5="3f2c852a0893f84e2787fa68a07c7881" xxhash="dbb1c9" />
  <item name="assets/Document/android/RefreshRate_Max.so" md5="3ec5e152028473a89cffb46a22d45ad4" xxhash="5c5a12" />
  <item name="assets/Document/android/SymbolFileMD5.xml" md5="7f80a34198b7c85c462e87f7b86bb788" xxhash="d0e88c" />
  <item name="assets/Document/android/TouchResponsif.so" md5="c70f7c199ecd49548fc86a6919a830ed" xxhash="70b2d2" />
</root>
